,q0007_0001,q0007_0002,q0007_0003,q0007_0004,q0007_0005,q0007_0006,q0007_0007,q0007_0008,q0007_0009,q0007_0010,q0007_0011
0,4.0,4.0,4.0,4.0,0.0,0.0,4.0,3.0,3.0,0.0,4.0
1,2.0,3.0,1.0,2.0,0.0,2.0,0.0,4.0,0.0,3.0,
2,3.0,3.0,3.0,2.0,1.0,4.0,0.0,2.0,3.0,2.0,0.0
3,2.0,2.0,3.0,2.0,2.0,4.0,0.0,0.0,2.0,0.0,0.0
4,3.0,2.0,0.0,1.0,1.0,3.0,0.0,4.0,2.0,1.0,3.0
5,1.0,3.0,3.0,2.0,1.0,4.0,0.0,3.0,4.0,1.0,0.0
6,3.0,3.0,0.0,2.0,2.0,2.0,0.0,3.0,3.0,0.0,2.0
7,2.0,2.0,0.0,1.0,0.0,4.0,0.0,3.0,3.0,1.0,2.0
8,3.0,3.0,3.0,3.0,1.0,4.0,0.0,4.0,3.0,0.0,2.0
9,3.0,2.0,0.0,2.0,0.0,4.0,0.0,4.0,2.0,1.0,3.0
10,3.0,2.0,2.0,2.0,1.0,3.0,0.0,2.0,2.0,2.0,1.0
11,1.0,3.0,4.0,2.0,0.0,3.0,0.0,3.0,2.0,3.0,3.0
12,3.0,3.0,1.0,1.0,0.0,4.0,0.0,3.0,3.0,1.0,2.0
13,4.0,3.0,3.0,2.0,0.0,1.0,0.0,4.0,4.0,2.0,3.0
14,1.0,3.0,3.0,4.0,0.0,0.0,2.0,0.0,0.0,4.0,4.0
15,1.0,2.0,3.0,2.0,0.0,3.0,0.0,3.0,4.0,1.0,2.0
16,3.0,4.0,2.0,3.0,2.0,3.0,1.0,2.0,3.0,4.0,4.0
17,1.0,2.0,2.0,3.0,0.0,4.0,0.0,4.0,1.0,1.0,3.0
18,3.0,3.0,1.0,,0.0,4.0,0.0,4.0,3.0,1.0,1.0
19,1.0,1.0,0.0,2.0,1.0,3.0,0.0,4.0,4.0,0.0,0.0
20,2.0,2.0,2.0,2.0,2.0,2.0,0.0,4.0,1.0,0.0,2.0
21,3.0,2.0,3.0,3.0,2.0,0.0,0.0,4.0,4.0,2.0,2.0
22,3.0,3.0,1.0,2.0,0.0,4.0,0.0,3.0,3.0,1.0,3.0
23,4.0,4.0,3.0,4.0,2.0,4.0,0.0,3.0,3.0,0.0,3.0
24,3.0,3.0,3.0,3.0,0.0,3.0,0.0,4.0,3.0,1.0,3.0
25,1.0,1.0,0.0,3.0,0.0,,0.0,3.0,2.0,0.0,3.0
26,3.0,3.0,3.0,2.0,2.0,4.0,0.0,4.0,4.0,1.0,2.0
27,3.0,4.0,3.0,3.0,0.0,0.0,0.0,3.0,4.0,3.0,3.0
28,2.0,2.0,2.0,2.0,1.0,4.0,0.0,2.0,4.0,0.0,3.0
29,3.0,3.0,2.0,3.0,2.0,2.0,0.0,3.0,4.0,0.0,3.0
30,1.0,2.0,2.0,2.0,2.0,4.0,0.0,4.0,2.0,0.0,0.0
31,4.0,2.0,4.0,3.0,2.0,2.0,0.0,3.0,4.0,0.0,3.0
32,3.0,3.0,3.0,3.0,3.0,3.0,0.0,0.0,2.0,0.0,3.0
33,1.0,2.0,4.0,3.0,2.0,2.0,0.0,2.0,4.0,2.0,3.0
34,2.0,2.0,2.0,2.0,2.0,4.0,0.0,4.0,3.0,0.0,2.0
35,2.0,2.0,3.0,2.0,1.0,2.0,0.0,4.0,2.0,1.0,3.0
36,2.0,2.0,3.0,2.0,0.0,2.0,1.0,0.0,1.0,1.0,3.0
37,3.0,2.0,2.0,2.0,0.0,3.0,0.0,4.0,4.0,0.0,2.0
38,3.0,2.0,3.0,3.0,0.0,0.0,0.0,4.0,3.0,3.0,4.0
39,4.0,2.0,3.0,4.0,2.0,2.0,2.0,2.0,4.0,3.0,3.0
40,3.0,3.0,2.0,2.0,1.0,1.0,0.0,2.0,1.0,4.0,3.0
41,3.0,3.0,3.0,2.0,0.0,4.0,0.0,2.0,,1.0,2.0
42,3.0,3.0,3.0,3.0,1.0,4.0,0.0,4.0,2.0,1.0,2.0
43,2.0,3.0,2.0,3.0,1.0,0.0,0.0,4.0,4.0,1.0,2.0
44,2.0,2.0,1.0,1.0,1.0,3.0,0.0,3.0,0.0,0.0,3.0
45,2.0,,0.0,,0.0,,0.0,1.0,0.0,0.0,0.0
46,4.0,4.0,3.0,4.0,2.0,4.0,0.0,3.0,3.0,4.0,3.0
47,3.0,2.0,4.0,2.0,0.0,3.0,0.0,4.0,3.0,,1.0
48,3.0,4.0,3.0,3.0,0.0,2.0,0.0,0.0,0.0,2.0,4.0
49,2.0,3.0,2.0,4.0,0.0,4.0,0.0,3.0,3.0,3.0,3.0
50,3.0,3.0,,4.0,0.0,1.0,0.0,2.0,2.0,1.0,3.0
51,3.0,4.0,4.0,3.0,1.0,0.0,4.0,2.0,2.0,3.0,4.0
52,2.0,1.0,3.0,0.0,0.0,4.0,0.0,3.0,4.0,0.0,2.0
53,1.0,2.0,0.0,3.0,2.0,3.0,0.0,3.0,4.0,1.0,3.0
54,3.0,3.0,2.0,3.0,0.0,3.0,0.0,4.0,2.0,2.0,3.0
55,1.0,2.0,1.0,2.0,0.0,1.0,0.0,2.0,3.0,2.0,2.0
56,1.0,2.0,2.0,1.0,0.0,3.0,0.0,3.0,2.0,1.0,1.0
57,3.0,2.0,2.0,2.0,2.0,4.0,0.0,2.0,0.0,0.0,0.0
58,1.0,2.0,1.0,1.0,0.0,4.0,0.0,4.0,4.0,1.0,2.0
59,0.0,0.0,0.0,0.0,0.0,4.0,0.0,0.0,0.0,0.0,0.0
60,3.0,3.0,3.0,3.0,0.0,0.0,0.0,3.0,4.0,2.0,2.0
61,3.0,0.0,0.0,2.0,0.0,0.0,0.0,4.0,0.0,0.0,3.0
62,2.0,1.0,1.0,1.0,0.0,4.0,0.0,4.0,3.0,1.0,3.0
63,2.0,2.0,3.0,,0.0,3.0,0.0,4.0,4.0,4.0,4.0
64,2.0,3.0,2.0,3.0,1.0,3.0,0.0,4.0,3.0,2.0,3.0
65,3.0,3.0,2.0,2.0,2.0,1.0,2.0,2.0,2.0,0.0,3.0
66,3.0,3.0,2.0,3.0,0.0,3.0,0.0,4.0,2.0,1.0,2.0
67,2.0,1.0,0.0,2.0,0.0,4.0,0.0,4.0,4.0,0.0,2.0
68,3.0,3.0,0.0,1.0,1.0,4.0,0.0,3.0,3.0,0.0,0.0
69,2.0,2.0,3.0,3.0,0.0,1.0,3.0,2.0,2.0,3.0,
70,2.0,2.0,0.0,1.0,1.0,4.0,0.0,2.0,3.0,0.0,0.0
71,1.0,2.0,0.0,1.0,1.0,3.0,0.0,2.0,3.0,1.0,2.0
72,3.0,3.0,3.0,1.0,1.0,3.0,1.0,2.0,3.0,3.0,3.0
73,3.0,3.0,3.0,3.0,2.0,3.0,1.0,3.0,2.0,1.0,3.0
74,1.0,1.0,3.0,3.0,0.0,2.0,0.0,4.0,3.0,1.0,0.0
75,3.0,3.0,3.0,,0.0,4.0,1.0,0.0,0.0,3.0,2.0
76,2.0,3.0,3.0,3.0,0.0,3.0,0.0,1.0,2.0,2.0,3.0
77,3.0,2.0,3.0,2.0,0.0,4.0,0.0,2.0,3.0,1.0,0.0
78,2.0,3.0,3.0,2.0,1.0,2.0,0.0,0.0,4.0,1.0,2.0
79,3.0,3.0,2.0,2.0,0.0,3.0,0.0,3.0,4.0,2.0,3.0
80,3.0,3.0,3.0,3.0,2.0,0.0,3.0,4.0,2.0,4.0,3.0
81,1.0,2.0,0.0,1.0,0.0,0.0,0.0,4.0,1.0,0.0,0.0
82,3.0,2.0,4.0,3.0,0.0,4.0,1.0,4.0,2.0,3.0,4.0
83,2.0,3.0,4.0,2.0,2.0,3.0,0.0,3.0,4.0,1.0,2.0
84,4.0,2.0,0.0,1.0,3.0,4.0,0.0,2.0,3.0,4.0,4.0
85,1.0,1.0,0.0,2.0,0.0,4.0,0.0,2.0,3.0,0.0,0.0
86,4.0,4.0,3.0,2.0,0.0,2.0,0.0,2.0,2.0,1.0,2.0
87,3.0,2.0,4.0,,0.0,3.0,0.0,4.0,2.0,0.0,1.0
88,3.0,3.0,3.0,2.0,2.0,4.0,0.0,4.0,2.0,2.0,2.0
89,3.0,0.0,3.0,2.0,4.0,0.0,0.0,1.0,0.0,3.0,4.0
90,3.0,3.0,3.0,3.0,0.0,1.0,0.0,3.0,3.0,3.0,2.0
91,3.0,3.0,0.0,2.0,0.0,,0.0,4.0,0.0,0.0,2.0
92,3.0,3.0,2.0,2.0,0.0,2.0,0.0,4.0,4.0,2.0,2.0
93,1.0,2.0,1.0,3.0,0.0,3.0,2.0,0.0,1.0,0.0,3.0
94,0.0,0.0,0.0,2.0,0.0,4.0,0.0,4.0,2.0,0.0,3.0
95,3.0,3.0,2.0,0.0,1.0,0.0,0.0,3.0,1.0,1.0,2.0
96,1.0,1.0,0.0,2.0,1.0,3.0,1.0,2.0,2.0,0.0,4.0
97,3.0,3.0,0.0,3.0,2.0,3.0,0.0,4.0,1.0,1.0,4.0
98,3.0,3.0,2.0,2.0,0.0,4.0,0.0,3.0,3.0,1.0,0.0
99,0.0,0.0,0.0,0.0,0.0,0.0,0.0,4.0,0.0,0.0,1.0
100,2.0,2.0,4.0,3.0,1.0,3.0,0.0,4.0,2.0,1.0,2.0
101,3.0,3.0,1.0,2.0,3.0,1.0,0.0,2.0,2.0,1.0,2.0
102,2.0,2.0,2.0,,2.0,4.0,0.0,3.0,2.0,0.0,0.0
103,2.0,2.0,3.0,1.0,1.0,3.0,0.0,0.0,1.0,1.0,2.0
104,2.0,1.0,3.0,2.0,0.0,4.0,0.0,4.0,4.0,0.0,0.0
105,2.0,2.0,0.0,0.0,0.0,4.0,0.0,2.0,2.0,0.0,0.0
106,2.0,3.0,2.0,2.0,0.0,1.0,0.0,4.0,1.0,1.0,2.0
107,3.0,3.0,4.0,3.0,0.0,0.0,3.0,2.0,4.0,4.0,1.0
108,2.0,3.0,4.0,3.0,0.0,4.0,0.0,1.0,3.0,3.0,3.0
109,4.0,4.0,0.0,2.0,2.0,4.0,0.0,1.0,1.0,0.0,4.0
110,1.0,,0.0,2.0,2.0,3.0,0.0,4.0,2.0,1.0,2.0
111,3.0,3.0,4.0,3.0,0.0,3.0,0.0,4.0,4.0,1.0,2.0
112,4.0,2.0,3.0,2.0,0.0,3.0,2.0,4.0,3.0,1.0,3.0
113,3.0,3.0,4.0,3.0,2.0,3.0,0.0,3.0,3.0,1.0,3.0
114,3.0,3.0,2.0,2.0,2.0,3.0,0.0,2.0,4.0,4.0,3.0
115,0.0,0.0,0.0,0.0,0.0,4.0,0.0,4.0,3.0,0.0,3.0
116,0.0,0.0,0.0,0.0,2.0,4.0,0.0,3.0,3.0,0.0,0.0
117,3.0,3.0,4.0,4.0,0.0,1.0,4.0,2.0,4.0,1.0,2.0
118,2.0,2.0,2.0,3.0,1.0,1.0,0.0,3.0,2.0,3.0,3.0
119,4.0,4.0,2.0,3.0,3.0,4.0,1.0,4.0,4.0,0.0,2.0
120,2.0,1.0,3.0,2.0,0.0,4.0,0.0,4.0,4.0,1.0,0.0
121,3.0,3.0,2.0,2.0,2.0,4.0,0.0,4.0,1.0,1.0,2.0
122,2.0,3.0,2.0,1.0,0.0,3.0,0.0,0.0,3.0,0.0,0.0
123,3.0,3.0,3.0,2.0,0.0,3.0,0.0,3.0,2.0,0.0,2.0
124,3.0,2.0,4.0,2.0,0.0,2.0,0.0,2.0,0.0,1.0,0.0
125,4.0,3.0,0.0,2.0,0.0,4.0,0.0,3.0,3.0,0.0,3.0
126,2.0,2.0,2.0,3.0,0.0,0.0,4.0,3.0,2.0,3.0,4.0
127,2.0,2.0,3.0,2.0,2.0,2.0,0.0,4.0,0.0,0.0,3.0
128,2.0,2.0,,2.0,1.0,,,4.0,3.0,0.0,0.0
129,3.0,3.0,2.0,0.0,3.0,3.0,0.0,3.0,,1.0,3.0
130,2.0,2.0,2.0,2.0,0.0,3.0,0.0,4.0,2.0,1.0,2.0
131,3.0,4.0,3.0,3.0,0.0,3.0,3.0,4.0,2.0,3.0,4.0
132,2.0,2.0,4.0,2.0,2.0,0.0,0.0,0.0,3.0,0.0,2.0
133,3.0,3.0,3.0,3.0,0.0,3.0,0.0,3.0,3.0,1.0,3.0
134,2.0,2.0,0.0,1.0,0.0,1.0,0.0,3.0,1.0,0.0,2.0
135,3.0,3.0,3.0,2.0,2.0,4.0,0.0,2.0,2.0,1.0,3.0
136,3.0,3.0,2.0,1.0,0.0,2.0,1.0,4.0,3.0,3.0,4.0
137,3.0,3.0,2.0,2.0,2.0,3.0,0.0,2.0,2.0,2.0,2.0
138,3.0,3.0,3.0,2.0,0.0,3.0,3.0,3.0,3.0,1.0,3.0
139,1.0,1.0,1.0,3.0,3.0,1.0,1.0,0.0,0.0,3.0,4.0
140,1.0,1.0,0.0,3.0,0.0,2.0,0.0,2.0,3.0,1.0,3.0
141,2.0,1.0,1.0,1.0,0.0,4.0,0.0,4.0,1.0,1.0,1.0
142,0.0,0.0,0.0,0.0,0.0,1.0,0.0,0.0,0.0,0.0,0.0
143,2.0,3.0,0.0,2.0,0.0,4.0,0.0,4.0,3.0,0.0,0.0
144,3.0,3.0,4.0,3.0,1.0,2.0,2.0,4.0,3.0,1.0,4.0
145,4.0,,1.0,,0.0,3.0,0.0,4.0,3.0,2.0,0.0
146,0.0,2.0,2.0,2.0,0.0,4.0,0.0,2.0,0.0,0.0,0.0
147,2.0,2.0,4.0,2.0,0.0,2.0,0.0,4.0,3.0,0.0,0.0
148,4.0,3.0,3.0,2.0,0.0,4.0,0.0,4.0,3.0,1.0,0.0
149,4.0,3.0,3.0,2.0,0.0,4.0,0.0,4.0,4.0,0.0,2.0
150,3.0,3.0,2.0,2.0,1.0,4.0,0.0,3.0,3.0,2.0,2.0
151,3.0,2.0,0.0,2.0,2.0,4.0,0.0,3.0,4.0,1.0,1.0
152,3.0,1.0,3.0,3.0,0.0,4.0,1.0,4.0,3.0,4.0,2.0
153,0.0,0.0,0.0,,0.0,2.0,0.0,0.0,0.0,0.0,0.0
154,3.0,1.0,3.0,0.0,0.0,4.0,0.0,4.0,2.0,0.0,0.0
155,1.0,0.0,0.0,3.0,0.0,4.0,0.0,0.0,1.0,3.0,1.0
156,2.0,2.0,0.0,2.0,1.0,3.0,0.0,2.0,2.0,2.0,2.0
157,3.0,3.0,3.0,3.0,0.0,1.0,0.0,2.0,4.0,3.0,3.0
158,3.0,3.0,2.0,3.0,0.0,3.0,0.0,2.0,2.0,2.0,3.0
159,3.0,3.0,3.0,3.0,0.0,3.0,0.0,4.0,4.0,2.0,2.0
160,2.0,2.0,4.0,3.0,0.0,2.0,0.0,2.0,3.0,2.0,3.0
161,4.0,4.0,0.0,3.0,3.0,4.0,0.0,2.0,3.0,0.0,0.0
162,4.0,4.0,4.0,3.0,0.0,1.0,4.0,1.0,1.0,1.0,3.0
163,3.0,3.0,4.0,2.0,0.0,4.0,0.0,2.0,4.0,1.0,2.0
164,2.0,2.0,2.0,3.0,3.0,2.0,1.0,1.0,3.0,3.0,4.0
165,4.0,4.0,4.0,4.0,4.0,4.0,4.0,4.0,4.0,4.0,4.0
166,2.0,2.0,2.0,3.0,1.0,3.0,0.0,4.0,3.0,1.0,4.0
167,0.0,0.0,0.0,0.0,0.0,0.0,0.0,3.0,1.0,0.0,0.0
168,2.0,3.0,3.0,2.0,0.0,4.0,3.0,0.0,3.0,4.0,3.0
169,3.0,2.0,2.0,3.0,2.0,2.0,0.0,4.0,4.0,1.0,2.0
170,3.0,3.0,3.0,3.0,3.0,0.0,0.0,3.0,3.0,0.0,0.0
171,1.0,3.0,2.0,2.0,1.0,2.0,0.0,4.0,3.0,3.0,3.0
172,3.0,3.0,2.0,2.0,0.0,1.0,1.0,2.0,2.0,1.0,3.0
173,2.0,3.0,3.0,2.0,0.0,3.0,0.0,3.0,1.0,3.0,2.0
174,3.0,3.0,3.0,3.0,0.0,0.0,0.0,3.0,4.0,1.0,2.0
175,2.0,2.0,3.0,2.0,1.0,0.0,2.0,0.0,,0.0,0.0
176,2.0,2.0,2.0,3.0,0.0,3.0,0.0,2.0,3.0,1.0,2.0
177,4.0,4.0,4.0,3.0,2.0,3.0,4.0,2.0,4.0,2.0,3.0
178,3.0,2.0,3.0,2.0,0.0,4.0,3.0,2.0,2.0,0.0,3.0
179,1.0,2.0,4.0,2.0,0.0,4.0,0.0,3.0,1.0,1.0,2.0
180,3.0,3.0,3.0,3.0,2.0,3.0,0.0,4.0,4.0,1.0,2.0
181,1.0,1.0,0.0,,0.0,3.0,0.0,4.0,3.0,0.0,2.0
182,3.0,3.0,2.0,3.0,2.0,4.0,0.0,3.0,,1.0,2.0
183,4.0,4.0,4.0,3.0,0.0,0.0,4.0,3.0,3.0,1.0,2.0
184,2.0,3.0,2.0,,1.0,4.0,0.0,4.0,3.0,2.0,
185,2.0,3.0,2.0,3.0,0.0,3.0,0.0,4.0,2.0,1.0,2.0
186,3.0,3.0,3.0,2.0,0.0,1.0,0.0,4.0,4.0,1.0,2.0
187,3.0,3.0,3.0,2.0,1.0,2.0,0.0,1.0,1.0,1.0,3.0
188,4.0,4.0,4.0,2.0,0.0,0.0,3.0,2.0,4.0,1.0,3.0
189,2.0,2.0,0.0,,2.0,2.0,0.0,0.0,,1.0,4.0
190,3.0,0.0,2.0,1.0,1.0,3.0,0.0,3.0,4.0,1.0,3.0
191,3.0,4.0,4.0,2.0,0.0,2.0,0.0,4.0,4.0,1.0,1.0
192,4.0,3.0,3.0,2.0,2.0,2.0,0.0,3.0,3.0,1.0,3.0
193,3.0,2.0,2.0,2.0,1.0,2.0,0.0,2.0,2.0,1.0,4.0
194,3.0,3.0,0.0,2.0,1.0,3.0,0.0,4.0,2.0,1.0,2.0
195,3.0,3.0,2.0,2.0,0.0,3.0,0.0,4.0,3.0,2.0,2.0
196,3.0,3.0,0.0,3.0,2.0,3.0,0.0,4.0,2.0,4.0,2.0
197,3.0,3.0,0.0,2.0,1.0,4.0,0.0,3.0,4.0,1.0,2.0
198,2.0,2.0,2.0,2.0,1.0,4.0,0.0,3.0,2.0,1.0,4.0
199,1.0,1.0,4.0,2.0,0.0,1.0,0.0,0.0,2.0,0.0,4.0
200,3.0,3.0,2.0,3.0,1.0,,0.0,4.0,3.0,0.0,4.0
201,3.0,3.0,2.0,2.0,0.0,3.0,0.0,3.0,4.0,2.0,3.0
202,1.0,2.0,2.0,3.0,0.0,2.0,0.0,4.0,2.0,2.0,4.0
203,3.0,2.0,2.0,3.0,0.0,1.0,0.0,3.0,3.0,0.0,0.0
204,3.0,3.0,2.0,1.0,1.0,4.0,0.0,3.0,3.0,0.0,2.0
205,2.0,1.0,0.0,2.0,0.0,3.0,0.0,4.0,3.0,0.0,2.0
206,2.0,3.0,3.0,0.0,2.0,2.0,0.0,4.0,4.0,3.0,0.0
207,2.0,1.0,0.0,2.0,0.0,3.0,0.0,0.0,4.0,0.0,2.0
208,4.0,4.0,4.0,2.0,1.0,4.0,0.0,4.0,3.0,0.0,3.0
209,2.0,2.0,3.0,2.0,0.0,4.0,0.0,3.0,2.0,0.0,0.0
210,3.0,3.0,3.0,2.0,2.0,4.0,1.0,3.0,4.0,1.0,3.0
211,3.0,2.0,3.0,3.0,0.0,4.0,0.0,4.0,3.0,0.0,3.0
212,4.0,4.0,2.0,3.0,0.0,4.0,0.0,3.0,2.0,1.0,3.0
213,2.0,0.0,0.0,3.0,0.0,3.0,0.0,3.0,3.0,0.0,
214,2.0,1.0,0.0,,0.0,,0.0,3.0,1.0,0.0,1.0
215,0.0,1.0,1.0,2.0,0.0,4.0,0.0,0.0,2.0,1.0,2.0
216,3.0,3.0,4.0,2.0,1.0,4.0,0.0,2.0,3.0,1.0,2.0
217,3.0,3.0,0.0,2.0,0.0,2.0,0.0,3.0,2.0,1.0,3.0
218,3.0,3.0,0.0,2.0,0.0,3.0,0.0,4.0,4.0,2.0,2.0
219,2.0,3.0,4.0,2.0,0.0,0.0,4.0,0.0,0.0,3.0,3.0
220,2.0,2.0,0.0,2.0,0.0,4.0,0.0,4.0,2.0,1.0,2.0
221,2.0,2.0,2.0,2.0,0.0,3.0,0.0,3.0,3.0,1.0,2.0
222,3.0,2.0,2.0,,1.0,4.0,0.0,4.0,2.0,0.0,2.0
223,3.0,3.0,1.0,2.0,0.0,4.0,0.0,4.0,4.0,1.0,2.0
224,3.0,3.0,2.0,4.0,2.0,3.0,0.0,2.0,3.0,4.0,3.0
225,2.0,2.0,3.0,2.0,1.0,4.0,0.0,4.0,3.0,0.0,0.0
226,3.0,3.0,4.0,1.0,0.0,2.0,0.0,3.0,4.0,2.0,2.0
227,3.0,3.0,2.0,3.0,0.0,4.0,0.0,2.0,2.0,0.0,2.0
228,3.0,3.0,3.0,3.0,3.0,3.0,3.0,3.0,3.0,3.0,3.0
229,1.0,1.0,3.0,1.0,0.0,3.0,0.0,3.0,2.0,1.0,1.0
230,4.0,0.0,4.0,4.0,3.0,0.0,4.0,0.0,0.0,0.0,0.0
231,2.0,3.0,3.0,1.0,1.0,4.0,0.0,3.0,3.0,1.0,3.0
232,0.0,0.0,0.0,0.0,0.0,3.0,0.0,4.0,2.0,0.0,2.0
233,2.0,3.0,3.0,2.0,0.0,4.0,0.0,3.0,4.0,1.0,3.0
234,3.0,3.0,4.0,4.0,0.0,1.0,0.0,4.0,2.0,1.0,2.0
235,4.0,3.0,3.0,2.0,0.0,0.0,0.0,4.0,4.0,2.0,0.0
236,3.0,3.0,3.0,2.0,1.0,3.0,0.0,4.0,3.0,1.0,2.0
237,2.0,3.0,3.0,3.0,0.0,3.0,0.0,3.0,2.0,2.0,2.0
238,3.0,3.0,3.0,2.0,1.0,4.0,0.0,3.0,3.0,1.0,2.0
239,3.0,3.0,3.0,3.0,1.0,3.0,0.0,4.0,3.0,2.0,3.0
240,4.0,3.0,3.0,3.0,0.0,4.0,0.0,3.0,3.0,1.0,2.0
241,4.0,4.0,4.0,2.0,2.0,4.0,0.0,3.0,2.0,1.0,1.0
242,2.0,2.0,2.0,2.0,0.0,3.0,0.0,2.0,2.0,4.0,3.0
243,4.0,4.0,4.0,3.0,0.0,0.0,4.0,2.0,4.0,2.0,3.0
244,4.0,3.0,4.0,3.0,2.0,0.0,4.0,2.0,4.0,1.0,2.0
245,2.0,2.0,4.0,3.0,0.0,3.0,0.0,3.0,2.0,1.0,2.0
246,3.0,4.0,4.0,3.0,0.0,4.0,0.0,4.0,4.0,4.0,3.0
247,2.0,2.0,3.0,3.0,2.0,3.0,0.0,4.0,4.0,2.0,2.0
248,4.0,4.0,3.0,2.0,2.0,2.0,0.0,4.0,2.0,2.0,3.0
249,2.0,2.0,0.0,2.0,1.0,3.0,0.0,3.0,3.0,4.0,3.0
250,3.0,3.0,0.0,1.0,0.0,1.0,0.0,2.0,3.0,4.0,3.0
251,3.0,2.0,2.0,2.0,0.0,4.0,0.0,1.0,2.0,1.0,0.0
252,4.0,3.0,3.0,2.0,1.0,4.0,0.0,4.0,4.0,1.0,3.0
253,2.0,2.0,1.0,2.0,0.0,2.0,0.0,4.0,1.0,1.0,2.0
254,3.0,3.0,2.0,2.0,1.0,4.0,0.0,2.0,3.0,2.0,1.0
255,2.0,2.0,3.0,4.0,0.0,0.0,3.0,2.0,1.0,2.0,2.0
256,3.0,3.0,0.0,2.0,0.0,4.0,0.0,3.0,0.0,1.0,0.0
257,3.0,2.0,0.0,3.0,0.0,4.0,0.0,4.0,4.0,2.0,2.0
258,4.0,4.0,3.0,3.0,0.0,3.0,0.0,1.0,1.0,4.0,2.0
259,3.0,3.0,2.0,2.0,0.0,3.0,0.0,4.0,3.0,1.0,1.0
260,2.0,3.0,0.0,2.0,0.0,2.0,0.0,4.0,2.0,2.0,3.0
261,1.0,1.0,2.0,1.0,1.0,3.0,0.0,4.0,1.0,0.0,2.0
262,2.0,3.0,2.0,4.0,0.0,3.0,1.0,4.0,3.0,1.0,4.0
263,3.0,3.0,3.0,2.0,2.0,3.0,0.0,4.0,4.0,1.0,3.0
264,3.0,3.0,4.0,2.0,2.0,4.0,0.0,0.0,3.0,0.0,0.0
265,3.0,3.0,3.0,3.0,0.0,4.0,0.0,4.0,1.0,0.0,2.0
266,3.0,3.0,3.0,2.0,2.0,0.0,3.0,4.0,2.0,1.0,4.0
267,2.0,2.0,3.0,3.0,0.0,0.0,2.0,2.0,0.0,0.0,3.0
268,3.0,3.0,0.0,0.0,0.0,3.0,0.0,3.0,2.0,0.0,2.0
269,3.0,3.0,0.0,1.0,2.0,4.0,0.0,3.0,4.0,4.0,2.0
270,2.0,2.0,0.0,2.0,0.0,4.0,0.0,4.0,4.0,3.0,3.0
271,2.0,2.0,3.0,2.0,1.0,2.0,0.0,3.0,2.0,1.0,2.0
272,,,,,,,,3.0,3.0,,
273,3.0,3.0,3.0,2.0,2.0,4.0,0.0,3.0,4.0,2.0,2.0
274,4.0,3.0,1.0,2.0,0.0,2.0,0.0,3.0,2.0,1.0,3.0
275,2.0,3.0,3.0,4.0,4.0,4.0,0.0,4.0,4.0,2.0,2.0
276,1.0,3.0,4.0,2.0,2.0,4.0,0.0,2.0,3.0,1.0,3.0
277,1.0,2.0,3.0,2.0,0.0,2.0,0.0,4.0,0.0,3.0,3.0
278,2.0,1.0,4.0,2.0,0.0,2.0,0.0,2.0,3.0,1.0,4.0
279,3.0,3.0,2.0,3.0,0.0,3.0,0.0,3.0,2.0,1.0,2.0
280,4.0,4.0,4.0,3.0,0.0,4.0,0.0,3.0,4.0,1.0,4.0
281,1.0,1.0,0.0,1.0,0.0,3.0,0.0,3.0,3.0,0.0,0.0
282,3.0,2.0,0.0,2.0,2.0,4.0,0.0,4.0,3.0,0.0,1.0
283,3.0,3.0,4.0,3.0,0.0,2.0,3.0,2.0,2.0,0.0,3.0
284,3.0,3.0,1.0,2.0,0.0,1.0,0.0,3.0,2.0,2.0,2.0
285,4.0,4.0,0.0,3.0,2.0,2.0,0.0,2.0,2.0,0.0,3.0
286,3.0,2.0,3.0,3.0,1.0,4.0,0.0,4.0,3.0,1.0,2.0
287,4.0,4.0,4.0,2.0,0.0,3.0,0.0,2.0,2.0,4.0,4.0
288,4.0,4.0,4.0,3.0,2.0,0.0,4.0,4.0,4.0,3.0,3.0
289,3.0,3.0,3.0,2.0,0.0,3.0,0.0,4.0,1.0,4.0,2.0
290,2.0,2.0,2.0,3.0,0.0,3.0,0.0,4.0,2.0,0.0,0.0
291,1.0,4.0,3.0,4.0,0.0,0.0,3.0,2.0,3.0,2.0,3.0
292,3.0,3.0,3.0,0.0,1.0,4.0,0.0,4.0,3.0,0.0,2.0
293,2.0,2.0,1.0,1.0,0.0,3.0,0.0,3.0,4.0,1.0,4.0
294,4.0,4.0,2.0,4.0,4.0,4.0,0.0,4.0,4.0,3.0,0.0
295,4.0,4.0,4.0,3.0,0.0,0.0,4.0,2.0,3.0,3.0,3.0
296,3.0,3.0,1.0,1.0,0.0,3.0,1.0,3.0,1.0,1.0,0.0
297,3.0,3.0,2.0,2.0,0.0,0.0,1.0,2.0,2.0,2.0,2.0
298,3.0,3.0,3.0,2.0,0.0,4.0,0.0,3.0,1.0,1.0,0.0
299,0.0,1.0,4.0,2.0,1.0,1.0,1.0,2.0,3.0,2.0,1.0
300,2.0,3.0,2.0,0.0,1.0,4.0,0.0,4.0,3.0,0.0,3.0
301,2.0,3.0,3.0,2.0,2.0,4.0,0.0,4.0,3.0,0.0,3.0
302,3.0,3.0,1.0,2.0,0.0,2.0,1.0,0.0,4.0,2.0,3.0
303,3.0,4.0,3.0,3.0,0.0,1.0,0.0,4.0,0.0,0.0,0.0
304,2.0,2.0,0.0,2.0,0.0,0.0,0.0,4.0,4.0,0.0,3.0
305,3.0,3.0,0.0,3.0,0.0,4.0,0.0,2.0,3.0,1.0,2.0
306,3.0,2.0,2.0,2.0,1.0,2.0,0.0,3.0,2.0,1.0,0.0
307,4.0,2.0,2.0,0.0,0.0,4.0,0.0,4.0,1.0,4.0,4.0
308,4.0,2.0,4.0,1.0,0.0,2.0,0.0,4.0,3.0,1.0,2.0
309,2.0,2.0,2.0,3.0,0.0,0.0,2.0,0.0,1.0,4.0,3.0
310,3.0,3.0,4.0,3.0,1.0,2.0,1.0,2.0,1.0,2.0,2.0
311,2.0,3.0,2.0,2.0,0.0,3.0,0.0,3.0,4.0,3.0,3.0
312,2.0,3.0,0.0,0.0,0.0,0.0,0.0,4.0,2.0,2.0,0.0
313,2.0,2.0,3.0,2.0,0.0,3.0,0.0,4.0,3.0,0.0,3.0
314,3.0,3.0,2.0,1.0,0.0,3.0,1.0,4.0,2.0,1.0,2.0
315,2.0,2.0,2.0,2.0,0.0,2.0,0.0,4.0,3.0,2.0,3.0
316,2.0,3.0,4.0,1.0,0.0,2.0,0.0,3.0,4.0,2.0,4.0
317,2.0,2.0,3.0,0.0,1.0,0.0,0.0,,0.0,0.0,3.0
318,1.0,1.0,1.0,3.0,0.0,0.0,1.0,0.0,3.0,1.0,4.0
319,3.0,3.0,1.0,2.0,2.0,4.0,0.0,4.0,2.0,4.0,2.0
320,1.0,3.0,2.0,3.0,0.0,4.0,0.0,4.0,4.0,1.0,3.0
321,2.0,3.0,3.0,,1.0,4.0,0.0,2.0,1.0,1.0,1.0
322,2.0,0.0,0.0,2.0,0.0,3.0,0.0,2.0,0.0,0.0,2.0
323,3.0,2.0,0.0,2.0,1.0,2.0,0.0,3.0,4.0,2.0,3.0
324,0.0,0.0,0.0,0.0,0.0,0.0,0.0,3.0,3.0,0.0,0.0
325,3.0,3.0,3.0,3.0,0.0,3.0,0.0,3.0,3.0,0.0,2.0
326,4.0,3.0,2.0,3.0,1.0,4.0,0.0,2.0,2.0,4.0,4.0
327,2.0,2.0,3.0,2.0,0.0,3.0,0.0,3.0,4.0,0.0,1.0
328,4.0,2.0,0.0,3.0,1.0,2.0,0.0,3.0,0.0,0.0,2.0
329,3.0,3.0,3.0,3.0,0.0,4.0,1.0,1.0,4.0,1.0,2.0
330,3.0,2.0,4.0,4.0,1.0,4.0,0.0,2.0,4.0,2.0,2.0
331,3.0,3.0,3.0,2.0,0.0,3.0,0.0,4.0,4.0,2.0,3.0
332,,2.0,2.0,3.0,1.0,3.0,0.0,2.0,2.0,2.0,3.0
333,3.0,2.0,2.0,2.0,0.0,,,4.0,4.0,0.0,2.0
334,0.0,0.0,4.0,4.0,3.0,0.0,0.0,4.0,0.0,0.0,4.0
335,1.0,3.0,0.0,0.0,0.0,4.0,3.0,0.0,0.0,0.0,0.0
336,2.0,2.0,2.0,3.0,1.0,0.0,0.0,3.0,4.0,1.0,2.0
337,1.0,1.0,3.0,2.0,1.0,2.0,0.0,4.0,4.0,0.0,1.0
338,3.0,4.0,2.0,3.0,0.0,4.0,0.0,4.0,3.0,1.0,2.0
339,3.0,3.0,2.0,3.0,0.0,,,2.0,3.0,4.0,3.0
340,2.0,3.0,2.0,2.0,1.0,2.0,1.0,2.0,3.0,3.0,2.0
341,2.0,2.0,4.0,3.0,2.0,3.0,0.0,4.0,4.0,2.0,3.0
342,2.0,2.0,3.0,2.0,2.0,4.0,0.0,3.0,3.0,2.0,2.0
343,3.0,2.0,2.0,2.0,1.0,3.0,0.0,3.0,2.0,1.0,2.0
344,3.0,3.0,2.0,2.0,0.0,3.0,0.0,3.0,3.0,1.0,2.0
345,2.0,3.0,2.0,2.0,0.0,3.0,0.0,4.0,2.0,0.0,2.0
346,3.0,3.0,2.0,3.0,1.0,4.0,0.0,2.0,3.0,1.0,2.0
347,3.0,4.0,4.0,3.0,2.0,3.0,0.0,4.0,4.0,2.0,3.0
348,3.0,3.0,3.0,3.0,2.0,3.0,0.0,4.0,2.0,1.0,3.0
349,3.0,3.0,0.0,2.0,0.0,3.0,0.0,3.0,0.0,1.0,4.0
350,3.0,3.0,3.0,2.0,0.0,3.0,0.0,2.0,2.0,0.0,2.0
351,2.0,2.0,0.0,,0.0,2.0,0.0,3.0,2.0,0.0,1.0
352,3.0,2.0,3.0,3.0,2.0,3.0,0.0,4.0,3.0,2.0,3.0
353,0.0,0.0,0.0,0.0,0.0,0.0,0.0,0.0,0.0,0.0,0.0
354,3.0,2.0,3.0,0.0,1.0,4.0,0.0,4.0,4.0,0.0,2.0
355,2.0,3.0,3.0,2.0,0.0,3.0,0.0,4.0,4.0,1.0,2.0
356,2.0,2.0,2.0,2.0,2.0,3.0,3.0,3.0,2.0,1.0,3.0
357,2.0,2.0,3.0,3.0,0.0,3.0,0.0,2.0,2.0,1.0,3.0
358,3.0,3.0,2.0,,0.0,3.0,0.0,3.0,4.0,1.0,3.0
359,4.0,3.0,2.0,3.0,0.0,3.0,0.0,4.0,3.0,2.0,2.0
360,3.0,3.0,3.0,2.0,1.0,4.0,0.0,3.0,3.0,2.0,0.0
361,2.0,2.0,2.0,2.0,2.0,4.0,0.0,4.0,3.0,3.0,3.0
362,3.0,2.0,0.0,2.0,0.0,4.0,0.0,0.0,0.0,2.0,3.0
363,3.0,2.0,2.0,2.0,0.0,4.0,0.0,4.0,1.0,1.0,2.0
364,3.0,1.0,2.0,,0.0,4.0,0.0,4.0,4.0,0.0,0.0
365,2.0,,0.0,1.0,0.0,2.0,0.0,4.0,0.0,0.0,3.0
366,4.0,4.0,3.0,2.0,2.0,4.0,0.0,0.0,2.0,2.0,
367,3.0,4.0,3.0,3.0,0.0,,0.0,4.0,4.0,1.0,0.0
368,0.0,2.0,0.0,0.0,2.0,3.0,0.0,2.0,4.0,0.0,2.0
369,3.0,3.0,3.0,2.0,2.0,3.0,0.0,4.0,,1.0,0.0
370,3.0,3.0,0.0,0.0,0.0,3.0,0.0,4.0,2.0,2.0,3.0
371,2.0,2.0,4.0,1.0,0.0,0.0,3.0,4.0,0.0,1.0,3.0
372,2.0,2.0,0.0,2.0,0.0,2.0,0.0,4.0,3.0,,3.0
373,3.0,2.0,2.0,2.0,2.0,3.0,0.0,4.0,2.0,1.0,2.0
374,3.0,2.0,3.0,1.0,0.0,4.0,0.0,4.0,2.0,1.0,2.0
375,3.0,2.0,3.0,2.0,0.0,4.0,0.0,3.0,,1.0,2.0
376,2.0,2.0,2.0,3.0,1.0,4.0,0.0,2.0,4.0,3.0,3.0
377,2.0,2.0,2.0,0.0,1.0,2.0,0.0,1.0,3.0,1.0,4.0
378,3.0,3.0,2.0,2.0,0.0,2.0,0.0,4.0,2.0,1.0,2.0
379,3.0,3.0,3.0,3.0,0.0,3.0,1.0,3.0,3.0,1.0,3.0
380,2.0,3.0,0.0,2.0,0.0,3.0,0.0,0.0,4.0,0.0,2.0
381,1.0,1.0,0.0,2.0,1.0,4.0,0.0,4.0,2.0,0.0,2.0
382,4.0,3.0,3.0,2.0,0.0,3.0,0.0,2.0,2.0,1.0,2.0
383,2.0,2.0,2.0,1.0,2.0,3.0,0.0,3.0,3.0,1.0,1.0
384,2.0,2.0,4.0,0.0,0.0,3.0,,4.0,4.0,1.0,3.0
385,3.0,3.0,2.0,2.0,0.0,4.0,0.0,3.0,3.0,1.0,3.0
386,2.0,2.0,3.0,2.0,0.0,3.0,0.0,4.0,2.0,1.0,2.0
387,3.0,3.0,3.0,3.0,0.0,3.0,2.0,0.0,2.0,,3.0
388,3.0,3.0,2.0,2.0,1.0,4.0,0.0,4.0,2.0,1.0,2.0
389,2.0,3.0,3.0,,1.0,0.0,4.0,3.0,4.0,2.0,2.0
390,4.0,4.0,3.0,3.0,0.0,4.0,0.0,4.0,3.0,1.0,2.0
391,4.0,4.0,0.0,2.0,0.0,3.0,0.0,4.0,3.0,0.0,0.0
392,3.0,2.0,0.0,3.0,0.0,2.0,0.0,4.0,3.0,0.0,3.0
393,3.0,3.0,3.0,0.0,0.0,4.0,0.0,4.0,4.0,0.0,3.0
394,4.0,3.0,3.0,0.0,0.0,0.0,0.0,4.0,4.0,0.0,0.0
395,2.0,2.0,2.0,2.0,0.0,3.0,0.0,1.0,4.0,0.0,0.0
396,3.0,3.0,2.0,2.0,0.0,4.0,0.0,1.0,4.0,0.0,3.0
397,3.0,2.0,2.0,2.0,0.0,3.0,0.0,3.0,2.0,1.0,1.0
398,3.0,2.0,0.0,2.0,0.0,3.0,0.0,4.0,4.0,0.0,3.0
399,3.0,3.0,3.0,,0.0,4.0,0.0,4.0,4.0,0.0,0.0
400,1.0,2.0,3.0,3.0,2.0,3.0,0.0,4.0,4.0,1.0,2.0
401,3.0,2.0,0.0,2.0,0.0,3.0,0.0,4.0,3.0,1.0,0.0
402,3.0,3.0,2.0,3.0,0.0,,0.0,4.0,3.0,1.0,3.0
403,2.0,2.0,3.0,3.0,0.0,3.0,0.0,4.0,2.0,1.0,2.0
404,3.0,3.0,3.0,3.0,0.0,4.0,0.0,3.0,4.0,2.0,2.0
405,0.0,1.0,4.0,3.0,0.0,4.0,0.0,3.0,3.0,0.0,3.0
406,4.0,4.0,4.0,3.0,2.0,4.0,0.0,2.0,2.0,2.0,3.0
407,1.0,1.0,2.0,,0.0,4.0,0.0,4.0,4.0,0.0,2.0
408,2.0,2.0,3.0,2.0,0.0,3.0,0.0,4.0,4.0,1.0,2.0
409,2.0,2.0,4.0,3.0,2.0,,0.0,3.0,3.0,0.0,4.0
410,4.0,,0.0,3.0,0.0,2.0,0.0,4.0,4.0,,2.0
411,3.0,4.0,2.0,,0.0,4.0,0.0,3.0,3.0,4.0,3.0
412,1.0,0.0,2.0,1.0,0.0,3.0,0.0,4.0,1.0,0.0,0.0
413,3.0,4.0,0.0,1.0,0.0,1.0,0.0,3.0,0.0,0.0,3.0
414,3.0,3.0,2.0,2.0,2.0,3.0,0.0,2.0,3.0,1.0,3.0
415,2.0,1.0,3.0,3.0,0.0,3.0,0.0,4.0,3.0,3.0,0.0
416,4.0,4.0,4.0,1.0,1.0,3.0,0.0,4.0,4.0,1.0,3.0
417,4.0,3.0,3.0,4.0,0.0,3.0,2.0,0.0,3.0,1.0,2.0
418,4.0,4.0,4.0,4.0,2.0,4.0,0.0,4.0,3.0,1.0,2.0
419,4.0,3.0,3.0,2.0,2.0,2.0,0.0,4.0,2.0,1.0,0.0
420,3.0,2.0,3.0,4.0,0.0,0.0,0.0,3.0,2.0,0.0,2.0
421,2.0,2.0,2.0,2.0,2.0,3.0,0.0,4.0,3.0,1.0,2.0
422,4.0,4.0,3.0,1.0,0.0,3.0,0.0,3.0,3.0,2.0,3.0
423,4.0,3.0,4.0,3.0,2.0,4.0,1.0,4.0,4.0,1.0,3.0
424,3.0,3.0,0.0,,0.0,,0.0,2.0,2.0,0.0,0.0
425,4.0,4.0,2.0,3.0,0.0,4.0,0.0,3.0,2.0,4.0,2.0
426,2.0,2.0,0.0,0.0,0.0,3.0,0.0,4.0,2.0,0.0,3.0
427,1.0,0.0,0.0,1.0,2.0,2.0,0.0,3.0,4.0,2.0,3.0
428,3.0,3.0,0.0,3.0,0.0,4.0,0.0,4.0,1.0,3.0,3.0
429,1.0,1.0,0.0,2.0,0.0,3.0,0.0,3.0,1.0,1.0,3.0
430,2.0,2.0,0.0,3.0,2.0,4.0,0.0,3.0,2.0,1.0,3.0
431,2.0,2.0,4.0,2.0,0.0,4.0,0.0,4.0,4.0,0.0,2.0
432,4.0,3.0,4.0,,2.0,4.0,0.0,4.0,,1.0,2.0
433,3.0,3.0,2.0,3.0,1.0,1.0,2.0,0.0,1.0,2.0,4.0
434,1.0,2.0,2.0,1.0,0.0,3.0,0.0,3.0,1.0,1.0,2.0
435,3.0,2.0,0.0,2.0,0.0,3.0,0.0,3.0,3.0,2.0,0.0
436,1.0,1.0,0.0,0.0,1.0,4.0,0.0,4.0,4.0,1.0,0.0
437,3.0,4.0,3.0,4.0,2.0,4.0,0.0,2.0,3.0,3.0,2.0
438,3.0,2.0,0.0,3.0,0.0,4.0,0.0,2.0,,3.0,3.0
439,3.0,2.0,3.0,3.0,0.0,0.0,4.0,2.0,4.0,2.0,2.0
440,3.0,3.0,0.0,2.0,1.0,,0.0,2.0,,,3.0
441,3.0,4.0,2.0,3.0,0.0,3.0,0.0,3.0,3.0,3.0,4.0
442,3.0,3.0,0.0,3.0,0.0,1.0,0.0,4.0,4.0,0.0,0.0
443,3.0,3.0,2.0,3.0,0.0,0.0,3.0,4.0,1.0,3.0,3.0
444,3.0,2.0,3.0,,0.0,4.0,0.0,4.0,4.0,1.0,0.0
445,3.0,3.0,3.0,2.0,1.0,4.0,0.0,3.0,2.0,1.0,3.0
446,3.0,2.0,3.0,1.0,0.0,4.0,1.0,2.0,4.0,2.0,3.0
447,4.0,3.0,3.0,2.0,0.0,4.0,0.0,3.0,4.0,2.0,4.0
448,4.0,4.0,2.0,3.0,0.0,4.0,0.0,3.0,2.0,4.0,3.0
449,1.0,1.0,3.0,1.0,1.0,4.0,0.0,4.0,2.0,1.0,0.0
450,2.0,3.0,0.0,2.0,0.0,3.0,0.0,4.0,2.0,3.0,2.0
451,1.0,2.0,2.0,2.0,2.0,0.0,2.0,2.0,3.0,2.0,3.0
452,0.0,0.0,1.0,4.0,0.0,1.0,0.0,4.0,3.0,1.0,4.0
453,4.0,4.0,3.0,,0.0,4.0,0.0,2.0,0.0,4.0,2.0
454,2.0,3.0,3.0,0.0,2.0,1.0,0.0,3.0,2.0,2.0,4.0
455,3.0,3.0,3.0,2.0,2.0,3.0,0.0,3.0,4.0,1.0,2.0
456,1.0,2.0,3.0,2.0,2.0,0.0,2.0,0.0,1.0,1.0,2.0
457,2.0,3.0,2.0,2.0,1.0,4.0,0.0,4.0,2.0,0.0,0.0
458,4.0,4.0,0.0,0.0,4.0,4.0,0.0,0.0,2.0,0.0,0.0
459,2.0,1.0,2.0,2.0,0.0,3.0,0.0,3.0,3.0,1.0,2.0
460,1.0,1.0,2.0,2.0,0.0,4.0,0.0,3.0,0.0,0.0,4.0
461,4.0,3.0,3.0,,0.0,4.0,0.0,0.0,3.0,3.0,3.0
462,2.0,2.0,3.0,2.0,0.0,4.0,0.0,4.0,2.0,1.0,3.0
463,2.0,2.0,3.0,2.0,0.0,3.0,1.0,4.0,2.0,1.0,3.0
464,3.0,2.0,3.0,3.0,0.0,4.0,0.0,4.0,4.0,1.0,2.0
465,3.0,3.0,3.0,3.0,0.0,4.0,0.0,4.0,3.0,0.0,3.0
466,3.0,3.0,2.0,2.0,2.0,4.0,0.0,2.0,2.0,0.0,4.0
467,3.0,3.0,2.0,2.0,0.0,3.0,0.0,0.0,0.0,1.0,2.0
468,3.0,2.0,3.0,2.0,1.0,3.0,0.0,4.0,3.0,1.0,1.0
469,3.0,3.0,2.0,3.0,0.0,4.0,0.0,3.0,2.0,1.0,1.0
470,3.0,3.0,1.0,3.0,1.0,4.0,0.0,4.0,1.0,0.0,0.0
471,2.0,2.0,1.0,2.0,2.0,4.0,0.0,3.0,2.0,1.0,2.0
472,3.0,3.0,3.0,3.0,2.0,4.0,0.0,2.0,2.0,0.0,4.0
473,3.0,2.0,0.0,,1.0,3.0,0.0,3.0,4.0,1.0,2.0
474,3.0,3.0,3.0,3.0,0.0,1.0,0.0,4.0,3.0,3.0,4.0
475,3.0,2.0,0.0,3.0,0.0,4.0,0.0,4.0,2.0,2.0,2.0
476,3.0,2.0,4.0,2.0,1.0,2.0,0.0,3.0,4.0,0.0,1.0
477,2.0,2.0,2.0,,0.0,2.0,0.0,4.0,4.0,0.0,3.0
478,3.0,3.0,4.0,3.0,0.0,0.0,4.0,4.0,1.0,0.0,2.0
479,3.0,3.0,3.0,1.0,0.0,3.0,0.0,0.0,2.0,4.0,3.0
480,3.0,2.0,4.0,3.0,0.0,4.0,0.0,4.0,3.0,2.0,2.0
481,3.0,3.0,2.0,3.0,1.0,4.0,0.0,3.0,2.0,0.0,2.0
482,3.0,3.0,3.0,2.0,0.0,3.0,0.0,4.0,3.0,0.0,2.0
483,2.0,3.0,3.0,3.0,2.0,3.0,0.0,2.0,3.0,0.0,2.0
484,3.0,2.0,3.0,3.0,1.0,3.0,0.0,4.0,3.0,1.0,2.0
485,4.0,4.0,3.0,3.0,0.0,3.0,0.0,2.0,4.0,1.0,0.0
486,3.0,2.0,3.0,2.0,1.0,4.0,0.0,4.0,2.0,1.0,1.0
487,2.0,2.0,3.0,,2.0,4.0,0.0,2.0,3.0,,2.0
488,4.0,4.0,2.0,2.0,2.0,4.0,0.0,4.0,4.0,2.0,3.0
489,4.0,3.0,3.0,2.0,0.0,3.0,0.0,4.0,2.0,1.0,2.0
490,3.0,3.0,3.0,3.0,0.0,3.0,0.0,4.0,3.0,2.0,4.0
491,4.0,3.0,4.0,0.0,2.0,3.0,2.0,2.0,4.0,2.0,3.0
492,3.0,3.0,1.0,3.0,0.0,4.0,0.0,3.0,3.0,0.0,2.0
493,3.0,2.0,3.0,1.0,1.0,4.0,0.0,4.0,3.0,1.0,2.0
494,3.0,2.0,1.0,2.0,1.0,4.0,0.0,3.0,3.0,1.0,1.0
495,2.0,2.0,2.0,,0.0,3.0,0.0,0.0,2.0,1.0,1.0
496,2.0,3.0,2.0,2.0,1.0,4.0,0.0,3.0,2.0,1.0,3.0
497,4.0,4.0,3.0,,1.0,2.0,0.0,3.0,3.0,1.0,0.0
498,2.0,2.0,2.0,2.0,1.0,4.0,0.0,3.0,4.0,0.0,2.0
499,2.0,1.0,1.0,1.0,0.0,1.0,3.0,1.0,,4.0,4.0
500,2.0,2.0,2.0,2.0,0.0,3.0,0.0,3.0,4.0,2.0,3.0
501,3.0,3.0,1.0,2.0,0.0,2.0,0.0,4.0,4.0,1.0,1.0
502,3.0,3.0,0.0,0.0,0.0,4.0,0.0,3.0,3.0,0.0,2.0
503,1.0,1.0,1.0,1.0,0.0,1.0,0.0,1.0,2.0,0.0,0.0
504,3.0,2.0,2.0,2.0,3.0,1.0,0.0,3.0,3.0,0.0,2.0
505,3.0,3.0,0.0,2.0,0.0,4.0,0.0,4.0,2.0,2.0,4.0
506,3.0,3.0,4.0,3.0,2.0,4.0,0.0,2.0,3.0,2.0,2.0
507,0.0,0.0,0.0,,0.0,3.0,0.0,1.0,0.0,,0.0
508,3.0,3.0,0.0,2.0,0.0,2.0,0.0,4.0,2.0,0.0,2.0
509,1.0,2.0,3.0,2.0,1.0,3.0,0.0,3.0,2.0,1.0,2.0
510,3.0,3.0,2.0,2.0,0.0,1.0,0.0,4.0,,0.0,3.0
511,3.0,3.0,0.0,2.0,0.0,3.0,0.0,4.0,2.0,0.0,3.0
512,2.0,2.0,2.0,3.0,0.0,3.0,0.0,4.0,4.0,1.0,2.0
513,1.0,3.0,3.0,2.0,0.0,0.0,3.0,4.0,0.0,1.0,3.0
514,3.0,2.0,4.0,3.0,2.0,1.0,4.0,4.0,4.0,1.0,3.0
515,3.0,2.0,3.0,3.0,1.0,2.0,0.0,4.0,3.0,1.0,3.0
516,3.0,3.0,3.0,3.0,0.0,3.0,0.0,3.0,2.0,1.0,2.0
517,3.0,3.0,4.0,3.0,2.0,3.0,0.0,3.0,4.0,4.0,2.0
518,2.0,3.0,1.0,3.0,0.0,,,,,,
519,2.0,3.0,4.0,,0.0,4.0,0.0,4.0,4.0,0.0,0.0
520,0.0,0.0,1.0,2.0,0.0,1.0,0.0,0.0,2.0,1.0,2.0
521,4.0,3.0,3.0,,1.0,4.0,0.0,4.0,,1.0,2.0
522,4.0,4.0,2.0,3.0,0.0,3.0,0.0,1.0,4.0,4.0,3.0
523,0.0,0.0,0.0,2.0,0.0,4.0,0.0,4.0,4.0,0.0,4.0
524,2.0,2.0,2.0,2.0,2.0,4.0,0.0,4.0,2.0,1.0,2.0
525,1.0,2.0,3.0,2.0,0.0,4.0,0.0,4.0,4.0,0.0,1.0
526,3.0,3.0,2.0,3.0,2.0,4.0,0.0,4.0,4.0,0.0,0.0
527,4.0,3.0,3.0,4.0,0.0,3.0,0.0,3.0,1.0,2.0,3.0
528,2.0,3.0,2.0,1.0,1.0,4.0,0.0,3.0,3.0,1.0,1.0
529,1.0,1.0,3.0,3.0,0.0,3.0,0.0,2.0,2.0,0.0,3.0
530,2.0,1.0,2.0,3.0,1.0,3.0,0.0,2.0,2.0,0.0,2.0
531,2.0,2.0,0.0,2.0,2.0,3.0,0.0,2.0,3.0,0.0,3.0
532,3.0,2.0,3.0,3.0,1.0,4.0,0.0,4.0,2.0,2.0,2.0
533,3.0,3.0,2.0,1.0,0.0,3.0,0.0,4.0,4.0,1.0,2.0
534,3.0,3.0,3.0,2.0,0.0,3.0,0.0,3.0,2.0,1.0,2.0
535,3.0,2.0,2.0,2.0,1.0,4.0,0.0,4.0,4.0,1.0,2.0
536,3.0,3.0,2.0,3.0,1.0,3.0,0.0,4.0,3.0,1.0,2.0
537,3.0,3.0,0.0,2.0,0.0,4.0,0.0,3.0,4.0,1.0,2.0
538,4.0,4.0,2.0,0.0,0.0,4.0,0.0,2.0,4.0,0.0,0.0
539,2.0,2.0,2.0,2.0,0.0,3.0,0.0,4.0,4.0,1.0,4.0
540,3.0,2.0,3.0,3.0,0.0,4.0,0.0,4.0,2.0,1.0,2.0
541,3.0,3.0,2.0,2.0,2.0,4.0,0.0,2.0,3.0,2.0,3.0
542,2.0,0.0,0.0,0.0,1.0,4.0,0.0,4.0,1.0,1.0,2.0
543,0.0,0.0,0.0,0.0,0.0,0.0,0.0,0.0,0.0,0.0,0.0
544,3.0,3.0,2.0,2.0,2.0,4.0,0.0,2.0,3.0,0.0,0.0
545,2.0,2.0,3.0,1.0,0.0,4.0,0.0,3.0,2.0,1.0,0.0
546,1.0,1.0,2.0,2.0,2.0,2.0,0.0,3.0,2.0,0.0,3.0
547,,3.0,2.0,2.0,0.0,3.0,0.0,4.0,3.0,0.0,3.0
548,3.0,1.0,2.0,2.0,0.0,2.0,0.0,4.0,2.0,1.0,3.0
549,3.0,4.0,4.0,2.0,0.0,0.0,4.0,3.0,2.0,0.0,2.0
550,3.0,2.0,0.0,0.0,1.0,3.0,0.0,2.0,4.0,1.0,2.0
551,2.0,2.0,3.0,3.0,,4.0,0.0,4.0,4.0,1.0,3.0
552,3.0,2.0,4.0,2.0,0.0,4.0,0.0,4.0,2.0,1.0,2.0
553,3.0,,3.0,1.0,0.0,4.0,0.0,3.0,2.0,1.0,0.0
554,2.0,2.0,2.0,3.0,,2.0,0.0,2.0,3.0,1.0,2.0
555,0.0,0.0,0.0,2.0,0.0,3.0,0.0,2.0,2.0,1.0,4.0
556,0.0,0.0,0.0,3.0,0.0,3.0,0.0,4.0,2.0,1.0,0.0
557,3.0,3.0,1.0,,0.0,4.0,0.0,4.0,3.0,0.0,2.0
558,2.0,2.0,3.0,3.0,3.0,3.0,0.0,4.0,3.0,1.0,2.0
559,3.0,3.0,2.0,2.0,2.0,3.0,0.0,3.0,3.0,2.0,2.0
560,3.0,3.0,3.0,,0.0,,0.0,3.0,1.0,1.0,2.0
561,2.0,2.0,0.0,1.0,0.0,4.0,0.0,4.0,0.0,0.0,0.0
562,4.0,4.0,3.0,2.0,0.0,3.0,0.0,4.0,2.0,1.0,4.0
563,2.0,2.0,2.0,2.0,0.0,4.0,0.0,4.0,4.0,0.0,2.0
564,3.0,2.0,2.0,3.0,2.0,2.0,0.0,3.0,2.0,1.0,3.0
565,3.0,3.0,3.0,2.0,0.0,3.0,0.0,4.0,4.0,1.0,3.0
566,3.0,3.0,3.0,1.0,1.0,3.0,1.0,3.0,3.0,1.0,2.0
567,3.0,2.0,1.0,2.0,0.0,2.0,1.0,2.0,0.0,3.0,2.0
568,0.0,0.0,0.0,0.0,0.0,0.0,0.0,0.0,0.0,0.0,0.0
569,1.0,1.0,1.0,3.0,0.0,1.0,0.0,4.0,0.0,2.0,0.0
570,3.0,3.0,3.0,2.0,2.0,4.0,0.0,4.0,3.0,0.0,0.0
571,2.0,2.0,2.0,2.0,2.0,4.0,3.0,4.0,4.0,0.0,0.0
572,3.0,3.0,2.0,2.0,2.0,1.0,1.0,2.0,4.0,2.0,2.0
573,3.0,1.0,3.0,2.0,2.0,3.0,0.0,3.0,3.0,1.0,2.0
574,2.0,3.0,0.0,2.0,3.0,4.0,0.0,3.0,3.0,1.0,3.0
575,1.0,1.0,2.0,0.0,1.0,4.0,0.0,4.0,3.0,0.0,2.0
576,3.0,2.0,2.0,2.0,2.0,1.0,0.0,4.0,2.0,1.0,4.0
577,3.0,3.0,2.0,3.0,2.0,4.0,0.0,3.0,4.0,0.0,2.0
578,3.0,3.0,3.0,2.0,0.0,4.0,0.0,4.0,2.0,,3.0
579,3.0,2.0,3.0,2.0,0.0,3.0,0.0,3.0,2.0,2.0,2.0
580,0.0,0.0,0.0,3.0,0.0,4.0,0.0,4.0,2.0,2.0,1.0
581,4.0,4.0,4.0,3.0,2.0,4.0,0.0,2.0,2.0,3.0,4.0
582,2.0,2.0,0.0,2.0,2.0,4.0,0.0,4.0,3.0,0.0,1.0
583,3.0,3.0,3.0,0.0,0.0,1.0,0.0,4.0,2.0,4.0,4.0
584,2.0,2.0,2.0,2.0,0.0,2.0,0.0,2.0,2.0,2.0,3.0
585,1.0,1.0,1.0,2.0,0.0,4.0,0.0,3.0,3.0,1.0,2.0
586,2.0,1.0,3.0,1.0,0.0,4.0,0.0,4.0,3.0,0.0,2.0
587,3.0,3.0,2.0,3.0,2.0,4.0,0.0,4.0,4.0,1.0,2.0
588,2.0,2.0,0.0,2.0,0.0,3.0,0.0,3.0,2.0,0.0,2.0
589,3.0,3.0,2.0,2.0,0.0,1.0,0.0,3.0,4.0,1.0,4.0
590,1.0,2.0,1.0,2.0,1.0,4.0,0.0,3.0,3.0,3.0,3.0
591,4.0,4.0,0.0,2.0,0.0,1.0,0.0,4.0,4.0,,2.0
592,3.0,3.0,0.0,2.0,0.0,4.0,0.0,4.0,4.0,0.0,0.0
593,4.0,4.0,3.0,2.0,0.0,2.0,0.0,4.0,4.0,0.0,2.0
594,3.0,3.0,3.0,3.0,0.0,4.0,0.0,0.0,3.0,4.0,2.0
595,3.0,3.0,4.0,2.0,0.0,3.0,0.0,4.0,3.0,2.0,2.0
596,3.0,2.0,3.0,,2.0,0.0,,2.0,2.0,3.0,3.0
597,3.0,3.0,2.0,2.0,1.0,3.0,0.0,2.0,3.0,0.0,2.0
598,3.0,2.0,0.0,,1.0,4.0,0.0,3.0,3.0,0.0,2.0
599,3.0,3.0,4.0,3.0,0.0,3.0,2.0,4.0,4.0,1.0,2.0
600,3.0,3.0,2.0,2.0,1.0,4.0,0.0,3.0,3.0,1.0,2.0
601,4.0,4.0,3.0,3.0,0.0,4.0,0.0,2.0,4.0,1.0,3.0
602,3.0,2.0,3.0,2.0,2.0,4.0,0.0,4.0,3.0,1.0,3.0
603,1.0,2.0,1.0,2.0,0.0,3.0,0.0,4.0,3.0,2.0,2.0
604,2.0,3.0,4.0,2.0,1.0,3.0,0.0,4.0,2.0,1.0,2.0
605,3.0,2.0,3.0,3.0,2.0,3.0,3.0,3.0,3.0,2.0,2.0
606,4.0,4.0,3.0,2.0,0.0,3.0,1.0,4.0,4.0,4.0,2.0
607,3.0,2.0,0.0,2.0,0.0,3.0,0.0,3.0,3.0,2.0,3.0
608,3.0,1.0,3.0,3.0,2.0,2.0,0.0,4.0,2.0,1.0,2.0
609,2.0,2.0,3.0,2.0,1.0,3.0,4.0,2.0,2.0,1.0,2.0
610,3.0,4.0,4.0,,0.0,4.0,0.0,3.0,3.0,1.0,0.0
611,1.0,1.0,2.0,3.0,0.0,2.0,0.0,2.0,2.0,2.0,4.0
612,2.0,2.0,2.0,2.0,0.0,3.0,0.0,4.0,3.0,1.0,2.0
613,4.0,4.0,3.0,2.0,2.0,4.0,0.0,4.0,4.0,1.0,3.0
614,4.0,4.0,3.0,2.0,0.0,2.0,0.0,0.0,2.0,2.0,2.0
615,3.0,3.0,4.0,4.0,0.0,0.0,3.0,2.0,2.0,4.0,4.0
616,4.0,4.0,4.0,3.0,0.0,4.0,0.0,4.0,3.0,1.0,1.0
617,3.0,2.0,0.0,2.0,0.0,3.0,0.0,3.0,2.0,0.0,0.0
618,2.0,2.0,2.0,2.0,0.0,1.0,0.0,0.0,0.0,1.0,2.0
619,3.0,3.0,2.0,3.0,0.0,3.0,0.0,4.0,3.0,0.0,2.0
620,3.0,2.0,3.0,3.0,2.0,3.0,0.0,3.0,3.0,1.0,2.0
621,3.0,3.0,0.0,0.0,0.0,3.0,0.0,2.0,2.0,0.0,3.0
622,2.0,0.0,3.0,2.0,1.0,1.0,4.0,0.0,1.0,0.0,3.0
623,3.0,3.0,4.0,3.0,0.0,0.0,3.0,1.0,2.0,2.0,4.0
624,2.0,3.0,3.0,,1.0,4.0,0.0,3.0,4.0,0.0,0.0
625,1.0,1.0,2.0,1.0,0.0,2.0,0.0,1.0,0.0,1.0,2.0
626,2.0,3.0,1.0,4.0,0.0,3.0,0.0,2.0,0.0,1.0,4.0
627,2.0,2.0,2.0,2.0,2.0,,0.0,3.0,2.0,0.0,0.0
628,3.0,2.0,2.0,0.0,0.0,1.0,0.0,4.0,3.0,1.0,0.0
629,1.0,2.0,0.0,1.0,1.0,3.0,0.0,3.0,4.0,0.0,1.0
630,1.0,0.0,0.0,2.0,0.0,4.0,0.0,4.0,1.0,0.0,2.0
631,3.0,3.0,4.0,3.0,0.0,3.0,0.0,4.0,2.0,1.0,0.0
632,3.0,3.0,1.0,2.0,0.0,3.0,0.0,4.0,3.0,3.0,2.0
633,0.0,0.0,0.0,0.0,0.0,4.0,0.0,0.0,0.0,0.0,0.0
634,3.0,2.0,3.0,3.0,0.0,4.0,2.0,3.0,4.0,1.0,3.0
635,3.0,3.0,2.0,0.0,0.0,4.0,0.0,3.0,3.0,0.0,0.0
636,2.0,,3.0,3.0,2.0,2.0,0.0,2.0,1.0,1.0,4.0
637,2.0,2.0,2.0,3.0,0.0,2.0,0.0,4.0,2.0,1.0,2.0
638,3.0,2.0,4.0,2.0,0.0,4.0,0.0,4.0,4.0,1.0,2.0
639,2.0,2.0,3.0,3.0,1.0,3.0,0.0,4.0,4.0,0.0,2.0
640,3.0,3.0,3.0,3.0,0.0,4.0,0.0,3.0,3.0,2.0,2.0
641,3.0,,0.0,2.0,0.0,3.0,0.0,0.0,3.0,0.0,2.0
642,2.0,3.0,1.0,0.0,0.0,2.0,0.0,4.0,3.0,0.0,0.0
643,3.0,3.0,2.0,3.0,1.0,3.0,0.0,3.0,4.0,1.0,2.0
644,2.0,2.0,0.0,2.0,2.0,3.0,0.0,4.0,3.0,0.0,2.0
645,0.0,0.0,0.0,0.0,0.0,3.0,0.0,2.0,2.0,0.0,0.0
646,3.0,2.0,2.0,3.0,1.0,3.0,0.0,2.0,2.0,1.0,3.0
647,3.0,3.0,3.0,2.0,0.0,3.0,0.0,3.0,4.0,1.0,2.0
648,4.0,4.0,4.0,3.0,0.0,4.0,0.0,2.0,3.0,2.0,3.0
649,3.0,3.0,4.0,,0.0,4.0,0.0,4.0,3.0,2.0,2.0
650,3.0,3.0,3.0,3.0,0.0,4.0,3.0,4.0,3.0,3.0,3.0
651,2.0,2.0,2.0,2.0,2.0,1.0,0.0,3.0,2.0,0.0,1.0
652,2.0,3.0,3.0,3.0,0.0,2.0,0.0,2.0,4.0,1.0,2.0
653,2.0,3.0,2.0,3.0,2.0,4.0,0.0,3.0,2.0,1.0,3.0
654,1.0,1.0,0.0,1.0,2.0,3.0,0.0,3.0,0.0,4.0,2.0
655,0.0,1.0,0.0,0.0,0.0,0.0,0.0,3.0,0.0,0.0,0.0
656,3.0,3.0,3.0,3.0,0.0,4.0,0.0,1.0,2.0,0.0,3.0
657,3.0,3.0,3.0,3.0,0.0,2.0,0.0,4.0,2.0,1.0,3.0
658,1.0,1.0,0.0,0.0,1.0,4.0,0.0,4.0,1.0,1.0,3.0
659,2.0,2.0,2.0,1.0,0.0,1.0,0.0,2.0,0.0,3.0,3.0
660,1.0,2.0,3.0,1.0,2.0,3.0,0.0,4.0,3.0,0.0,2.0
661,3.0,2.0,3.0,3.0,1.0,3.0,3.0,3.0,1.0,2.0,2.0
662,3.0,4.0,2.0,3.0,0.0,3.0,0.0,3.0,1.0,1.0,4.0
663,2.0,2.0,4.0,2.0,0.0,3.0,0.0,3.0,4.0,1.0,2.0
664,3.0,3.0,4.0,3.0,0.0,0.0,4.0,3.0,0.0,2.0,3.0
665,2.0,1.0,1.0,1.0,0.0,3.0,,0.0,3.0,1.0,2.0
666,3.0,3.0,2.0,2.0,2.0,3.0,0.0,4.0,3.0,4.0,3.0
667,3.0,3.0,2.0,3.0,2.0,3.0,0.0,4.0,2.0,1.0,2.0
668,3.0,3.0,3.0,3.0,0.0,4.0,0.0,3.0,2.0,3.0,3.0
669,3.0,3.0,0.0,2.0,2.0,4.0,0.0,4.0,4.0,1.0,2.0
670,3.0,3.0,4.0,3.0,1.0,2.0,3.0,4.0,4.0,1.0,3.0
671,3.0,3.0,1.0,3.0,0.0,4.0,1.0,3.0,3.0,2.0,3.0
672,3.0,3.0,2.0,3.0,0.0,1.0,0.0,4.0,1.0,4.0,4.0
673,3.0,3.0,2.0,2.0,1.0,4.0,0.0,4.0,4.0,1.0,3.0
674,3.0,3.0,2.0,2.0,2.0,4.0,0.0,4.0,4.0,1.0,3.0
675,3.0,2.0,3.0,2.0,0.0,3.0,0.0,3.0,4.0,2.0,2.0
676,3.0,3.0,0.0,2.0,0.0,4.0,0.0,4.0,2.0,2.0,3.0
677,3.0,2.0,2.0,,0.0,3.0,0.0,3.0,4.0,0.0,0.0
678,0.0,2.0,3.0,,2.0,4.0,0.0,0.0,3.0,1.0,0.0
679,2.0,2.0,2.0,2.0,2.0,4.0,2.0,2.0,4.0,2.0,2.0
680,4.0,3.0,2.0,3.0,0.0,4.0,1.0,4.0,,3.0,3.0
681,2.0,2.0,2.0,3.0,1.0,4.0,0.0,4.0,4.0,1.0,4.0
682,4.0,3.0,2.0,0.0,0.0,2.0,0.0,2.0,,1.0,0.0
683,3.0,3.0,3.0,3.0,1.0,0.0,2.0,4.0,4.0,2.0,1.0
684,3.0,3.0,3.0,4.0,0.0,2.0,0.0,3.0,2.0,4.0,2.0
685,3.0,3.0,2.0,,0.0,4.0,0.0,3.0,4.0,1.0,2.0
686,4.0,4.0,2.0,2.0,0.0,2.0,0.0,2.0,2.0,2.0,4.0
687,2.0,2.0,0.0,2.0,0.0,4.0,0.0,3.0,2.0,0.0,2.0
688,2.0,2.0,3.0,3.0,2.0,2.0,0.0,0.0,0.0,2.0,3.0
689,2.0,2.0,3.0,3.0,0.0,,,4.0,0.0,,
690,3.0,3.0,0.0,2.0,0.0,3.0,0.0,2.0,2.0,1.0,
691,1.0,2.0,0.0,1.0,1.0,3.0,0.0,3.0,4.0,0.0,1.0
692,3.0,2.0,4.0,3.0,0.0,4.0,0.0,2.0,2.0,3.0,3.0
693,2.0,2.0,0.0,0.0,1.0,4.0,0.0,3.0,2.0,1.0,1.0
694,3.0,3.0,4.0,2.0,0.0,3.0,2.0,2.0,1.0,1.0,2.0
695,,,,,,,,,,,
696,3.0,3.0,0.0,,0.0,2.0,0.0,1.0,0.0,0.0,0.0
697,4.0,3.0,4.0,2.0,2.0,3.0,0.0,4.0,3.0,1.0,3.0
698,2.0,2.0,2.0,,1.0,2.0,0.0,4.0,2.0,1.0,3.0
699,3.0,2.0,1.0,1.0,0.0,3.0,0.0,3.0,1.0,0.0,2.0
700,3.0,2.0,0.0,4.0,2.0,4.0,0.0,4.0,3.0,,2.0
701,2.0,3.0,3.0,3.0,0.0,3.0,0.0,4.0,2.0,0.0,3.0
702,2.0,2.0,2.0,3.0,1.0,4.0,0.0,4.0,3.0,2.0,3.0
703,0.0,0.0,0.0,0.0,3.0,4.0,0.0,4.0,2.0,0.0,3.0
704,3.0,3.0,3.0,2.0,0.0,0.0,3.0,3.0,4.0,0.0,0.0
705,3.0,2.0,0.0,3.0,0.0,3.0,0.0,4.0,2.0,1.0,3.0
706,4.0,3.0,2.0,2.0,1.0,4.0,0.0,4.0,4.0,1.0,2.0
707,3.0,3.0,3.0,2.0,1.0,4.0,0.0,3.0,3.0,1.0,2.0
708,1.0,1.0,1.0,1.0,0.0,3.0,0.0,2.0,3.0,0.0,1.0
709,3.0,2.0,2.0,2.0,2.0,2.0,2.0,2.0,4.0,1.0,2.0
710,1.0,2.0,1.0,2.0,0.0,0.0,1.0,2.0,1.0,4.0,2.0
711,1.0,1.0,2.0,4.0,0.0,0.0,0.0,0.0,0.0,1.0,4.0
712,2.0,2.0,0.0,1.0,0.0,1.0,0.0,4.0,1.0,0.0,3.0
713,3.0,2.0,0.0,2.0,0.0,4.0,0.0,2.0,2.0,1.0,3.0
714,1.0,3.0,2.0,2.0,2.0,4.0,0.0,3.0,4.0,0.0,3.0
715,4.0,3.0,2.0,2.0,1.0,4.0,0.0,2.0,2.0,1.0,3.0
716,4.0,4.0,4.0,3.0,2.0,4.0,0.0,2.0,3.0,1.0,2.0
717,3.0,3.0,3.0,2.0,0.0,4.0,1.0,4.0,4.0,2.0,2.0
718,3.0,3.0,3.0,3.0,1.0,3.0,0.0,3.0,3.0,3.0,3.0
719,3.0,2.0,3.0,3.0,0.0,0.0,0.0,3.0,2.0,0.0,2.0
720,3.0,4.0,3.0,,0.0,3.0,1.0,3.0,1.0,1.0,
721,3.0,3.0,3.0,3.0,0.0,0.0,4.0,1.0,1.0,1.0,2.0
722,3.0,4.0,3.0,0.0,2.0,2.0,0.0,4.0,4.0,4.0,2.0
723,3.0,3.0,2.0,3.0,0.0,4.0,0.0,4.0,3.0,0.0,0.0
724,3.0,3.0,0.0,3.0,0.0,3.0,0.0,4.0,3.0,1.0,
725,3.0,3.0,2.0,3.0,1.0,4.0,0.0,4.0,4.0,1.0,2.0
726,2.0,2.0,0.0,2.0,0.0,3.0,0.0,4.0,3.0,1.0,3.0
727,3.0,2.0,2.0,4.0,0.0,2.0,2.0,2.0,3.0,3.0,4.0
728,2.0,2.0,3.0,3.0,0.0,3.0,0.0,4.0,2.0,1.0,2.0
729,3.0,2.0,1.0,3.0,0.0,1.0,0.0,0.0,2.0,0.0,2.0
730,3.0,3.0,0.0,3.0,1.0,3.0,0.0,4.0,3.0,1.0,3.0
731,2.0,1.0,1.0,2.0,0.0,3.0,0.0,3.0,2.0,1.0,0.0
732,3.0,3.0,3.0,2.0,2.0,4.0,0.0,3.0,3.0,3.0,4.0
733,3.0,3.0,2.0,2.0,0.0,3.0,0.0,4.0,2.0,2.0,2.0
734,2.0,2.0,0.0,0.0,1.0,4.0,0.0,3.0,2.0,0.0,2.0
735,3.0,3.0,3.0,2.0,0.0,4.0,0.0,4.0,1.0,1.0,2.0
736,4.0,4.0,4.0,3.0,1.0,4.0,0.0,,4.0,2.0,0.0
737,2.0,4.0,4.0,3.0,0.0,3.0,0.0,4.0,4.0,2.0,2.0
738,3.0,3.0,2.0,2.0,1.0,4.0,0.0,0.0,1.0,1.0,2.0
739,2.0,,4.0,2.0,0.0,4.0,0.0,3.0,4.0,,2.0
740,3.0,3.0,2.0,2.0,0.0,4.0,0.0,3.0,3.0,2.0,2.0
741,3.0,2.0,2.0,2.0,0.0,4.0,0.0,3.0,3.0,1.0,2.0
742,2.0,3.0,2.0,2.0,0.0,3.0,0.0,3.0,3.0,1.0,3.0
743,3.0,4.0,3.0,3.0,0.0,,,4.0,,1.0,1.0
744,3.0,2.0,3.0,1.0,0.0,3.0,0.0,4.0,4.0,1.0,2.0
745,3.0,3.0,3.0,2.0,0.0,4.0,0.0,3.0,2.0,0.0,2.0
746,3.0,1.0,4.0,1.0,1.0,3.0,0.0,4.0,2.0,0.0,3.0
747,2.0,2.0,0.0,2.0,1.0,2.0,0.0,4.0,4.0,0.0,0.0
748,2.0,3.0,3.0,3.0,0.0,2.0,0.0,1.0,1.0,1.0,1.0
749,2.0,2.0,3.0,2.0,0.0,3.0,0.0,4.0,4.0,3.0,3.0
750,4.0,3.0,4.0,2.0,1.0,1.0,3.0,2.0,3.0,2.0,3.0
751,2.0,2.0,2.0,2.0,0.0,3.0,0.0,4.0,3.0,2.0,2.0
752,4.0,4.0,2.0,3.0,0.0,4.0,0.0,4.0,3.0,1.0,1.0
753,3.0,3.0,4.0,3.0,0.0,0.0,2.0,4.0,2.0,0.0,2.0
754,4.0,4.0,4.0,3.0,0.0,4.0,0.0,3.0,3.0,1.0,0.0
755,3.0,3.0,0.0,2.0,1.0,4.0,0.0,3.0,3.0,0.0,3.0
756,1.0,2.0,3.0,3.0,0.0,4.0,0.0,2.0,4.0,1.0,1.0
757,2.0,2.0,3.0,,2.0,4.0,0.0,3.0,4.0,2.0,2.0
758,2.0,3.0,3.0,2.0,1.0,1.0,0.0,3.0,2.0,2.0,1.0
759,3.0,3.0,2.0,3.0,1.0,3.0,0.0,3.0,2.0,0.0,2.0
760,3.0,2.0,,3.0,1.0,,,4.0,4.0,0.0,3.0
761,1.0,1.0,2.0,2.0,2.0,2.0,0.0,3.0,4.0,1.0,3.0
762,2.0,3.0,2.0,2.0,1.0,2.0,3.0,4.0,2.0,0.0,2.0
763,2.0,2.0,2.0,2.0,0.0,4.0,0.0,4.0,2.0,1.0,3.0
764,4.0,4.0,3.0,3.0,0.0,4.0,0.0,3.0,4.0,0.0,2.0
765,1.0,1.0,0.0,3.0,0.0,0.0,0.0,2.0,2.0,0.0,0.0
766,1.0,2.0,0.0,2.0,2.0,2.0,0.0,4.0,0.0,0.0,0.0
767,,3.0,2.0,2.0,2.0,3.0,0.0,3.0,3.0,1.0,2.0
768,3.0,3.0,2.0,3.0,0.0,2.0,0.0,0.0,0.0,0.0,3.0
769,3.0,2.0,3.0,2.0,0.0,3.0,0.0,3.0,4.0,3.0,1.0
770,2.0,2.0,3.0,1.0,3.0,2.0,0.0,3.0,3.0,1.0,4.0
771,3.0,3.0,4.0,2.0,0.0,0.0,4.0,2.0,0.0,1.0,2.0
772,3.0,3.0,0.0,1.0,0.0,4.0,0.0,3.0,4.0,1.0,0.0
773,2.0,1.0,0.0,0.0,0.0,3.0,0.0,4.0,3.0,0.0,3.0
774,3.0,3.0,2.0,2.0,1.0,3.0,0.0,4.0,4.0,2.0,3.0
775,3.0,3.0,3.0,3.0,0.0,4.0,0.0,4.0,2.0,1.0,3.0
776,3.0,3.0,3.0,3.0,0.0,3.0,0.0,4.0,,0.0,0.0
777,2.0,3.0,3.0,3.0,0.0,3.0,0.0,4.0,2.0,1.0,2.0
778,1.0,2.0,2.0,2.0,0.0,3.0,0.0,0.0,2.0,1.0,2.0
779,2.0,2.0,3.0,1.0,0.0,3.0,0.0,1.0,2.0,1.0,2.0
780,4.0,4.0,2.0,2.0,1.0,0.0,4.0,2.0,4.0,2.0,4.0
781,4.0,4.0,2.0,2.0,1.0,4.0,0.0,0.0,3.0,3.0,3.0
782,3.0,3.0,2.0,2.0,0.0,4.0,0.0,4.0,4.0,0.0,2.0
783,4.0,4.0,4.0,2.0,2.0,4.0,0.0,4.0,3.0,,2.0
784,0.0,3.0,3.0,3.0,0.0,0.0,1.0,0.0,0.0,2.0,3.0
785,3.0,3.0,3.0,3.0,3.0,3.0,1.0,3.0,2.0,1.0,0.0
786,2.0,2.0,2.0,3.0,2.0,4.0,0.0,2.0,3.0,1.0,2.0
787,1.0,2.0,2.0,3.0,0.0,3.0,0.0,2.0,4.0,1.0,2.0
788,4.0,3.0,3.0,2.0,0.0,3.0,0.0,2.0,2.0,2.0,3.0
789,1.0,2.0,4.0,,0.0,0.0,0.0,3.0,3.0,1.0,3.0
790,1.0,3.0,4.0,,1.0,4.0,0.0,4.0,4.0,3.0,3.0
791,3.0,2.0,2.0,2.0,0.0,1.0,1.0,2.0,4.0,2.0,2.0
792,2.0,3.0,4.0,2.0,2.0,4.0,0.0,3.0,3.0,1.0,3.0
793,2.0,3.0,3.0,2.0,0.0,3.0,0.0,4.0,4.0,2.0,2.0
794,3.0,2.0,0.0,2.0,0.0,4.0,0.0,4.0,3.0,0.0,0.0
795,3.0,3.0,1.0,3.0,2.0,4.0,0.0,3.0,2.0,0.0,3.0
796,2.0,3.0,3.0,,0.0,2.0,0.0,3.0,3.0,1.0,2.0
797,2.0,1.0,4.0,2.0,0.0,3.0,0.0,4.0,3.0,1.0,3.0
798,3.0,2.0,3.0,2.0,0.0,4.0,0.0,3.0,3.0,2.0,1.0
799,2.0,2.0,2.0,2.0,0.0,3.0,0.0,,0.0,0.0,1.0
800,3.0,3.0,3.0,2.0,0.0,2.0,0.0,4.0,,0.0,1.0
801,3.0,3.0,3.0,3.0,0.0,4.0,0.0,4.0,4.0,3.0,3.0
802,1.0,2.0,2.0,,0.0,,,2.0,3.0,0.0,3.0
803,3.0,3.0,4.0,2.0,0.0,2.0,3.0,4.0,2.0,0.0,3.0
804,3.0,3.0,3.0,0.0,0.0,4.0,0.0,2.0,3.0,0.0,2.0
805,3.0,3.0,3.0,3.0,0.0,3.0,0.0,4.0,2.0,1.0,2.0
806,2.0,2.0,2.0,2.0,1.0,3.0,0.0,4.0,2.0,0.0,2.0
807,2.0,2.0,2.0,2.0,2.0,3.0,0.0,3.0,2.0,0.0,2.0
808,2.0,2.0,3.0,2.0,0.0,0.0,3.0,1.0,0.0,0.0,0.0
809,3.0,2.0,0.0,1.0,0.0,4.0,0.0,0.0,3.0,0.0,3.0
810,0.0,0.0,2.0,1.0,0.0,1.0,0.0,1.0,1.0,0.0,0.0
811,4.0,2.0,0.0,3.0,0.0,3.0,0.0,4.0,3.0,0.0,0.0
812,4.0,4.0,1.0,3.0,0.0,4.0,1.0,2.0,1.0,2.0,2.0
813,2.0,2.0,2.0,3.0,3.0,3.0,0.0,4.0,,,2.0
814,2.0,2.0,2.0,2.0,2.0,4.0,0.0,4.0,4.0,2.0,1.0
815,2.0,1.0,3.0,3.0,0.0,2.0,0.0,0.0,0.0,2.0,0.0
816,3.0,3.0,3.0,2.0,2.0,3.0,0.0,3.0,4.0,2.0,2.0
817,1.0,1.0,1.0,1.0,1.0,2.0,2.0,3.0,1.0,1.0,1.0
818,2.0,3.0,2.0,2.0,0.0,3.0,0.0,4.0,2.0,2.0,2.0
819,2.0,2.0,2.0,1.0,0.0,0.0,4.0,2.0,4.0,0.0,3.0
820,3.0,3.0,2.0,,2.0,3.0,0.0,3.0,4.0,2.0,3.0
821,3.0,2.0,,2.0,0.0,,,4.0,2.0,,
822,3.0,3.0,3.0,2.0,0.0,0.0,1.0,3.0,3.0,0.0,2.0
823,3.0,2.0,3.0,0.0,1.0,4.0,0.0,4.0,3.0,0.0,4.0
824,2.0,2.0,2.0,2.0,0.0,4.0,0.0,3.0,4.0,0.0,2.0
825,4.0,3.0,2.0,3.0,0.0,3.0,0.0,3.0,3.0,2.0,3.0
826,3.0,3.0,2.0,1.0,2.0,2.0,0.0,3.0,4.0,2.0,0.0
827,2.0,3.0,3.0,,1.0,4.0,0.0,4.0,4.0,0.0,2.0
828,2.0,2.0,0.0,2.0,0.0,1.0,0.0,3.0,2.0,0.0,2.0
829,2.0,3.0,3.0,1.0,0.0,3.0,0.0,4.0,4.0,0.0,1.0
830,2.0,2.0,0.0,2.0,0.0,,0.0,4.0,0.0,2.0,2.0
831,3.0,3.0,3.0,3.0,0.0,4.0,0.0,3.0,4.0,,2.0
832,0.0,3.0,4.0,2.0,0.0,4.0,0.0,3.0,2.0,2.0,2.0
833,2.0,2.0,0.0,2.0,0.0,2.0,0.0,0.0,0.0,0.0,0.0
834,2.0,2.0,3.0,2.0,1.0,4.0,0.0,3.0,3.0,2.0,2.0
835,4.0,4.0,2.0,3.0,0.0,0.0,0.0,4.0,4.0,3.0,3.0
836,1.0,2.0,2.0,3.0,0.0,2.0,0.0,3.0,2.0,1.0,3.0
837,2.0,3.0,4.0,2.0,0.0,4.0,0.0,4.0,,1.0,2.0
838,2.0,2.0,1.0,1.0,0.0,4.0,0.0,4.0,2.0,0.0,2.0
839,2.0,3.0,3.0,2.0,0.0,3.0,0.0,4.0,2.0,2.0,2.0
840,2.0,2.0,2.0,3.0,0.0,3.0,0.0,3.0,3.0,1.0,3.0
841,2.0,0.0,2.0,3.0,0.0,2.0,0.0,2.0,1.0,0.0,1.0
842,2.0,2.0,0.0,1.0,0.0,1.0,0.0,4.0,4.0,1.0,4.0
843,2.0,2.0,0.0,2.0,0.0,2.0,0.0,3.0,2.0,0.0,0.0
844,2.0,2.0,0.0,2.0,2.0,3.0,0.0,2.0,0.0,0.0,3.0
845,2.0,3.0,4.0,2.0,1.0,0.0,4.0,2.0,4.0,1.0,3.0
846,3.0,3.0,4.0,2.0,0.0,3.0,0.0,4.0,3.0,1.0,3.0
847,2.0,2.0,2.0,1.0,1.0,4.0,0.0,3.0,4.0,1.0,2.0
848,3.0,3.0,3.0,2.0,1.0,3.0,0.0,4.0,3.0,1.0,2.0
849,3.0,3.0,4.0,2.0,0.0,4.0,0.0,3.0,4.0,1.0,2.0
850,3.0,3.0,3.0,3.0,2.0,3.0,0.0,3.0,2.0,1.0,3.0
851,2.0,3.0,0.0,1.0,0.0,3.0,0.0,4.0,4.0,1.0,3.0
852,2.0,3.0,1.0,2.0,1.0,3.0,0.0,4.0,2.0,0.0,0.0
853,3.0,3.0,4.0,3.0,3.0,4.0,0.0,3.0,4.0,1.0,0.0
854,3.0,3.0,2.0,2.0,0.0,2.0,0.0,2.0,2.0,1.0,3.0
855,3.0,3.0,1.0,3.0,0.0,2.0,0.0,2.0,1.0,3.0,3.0
856,3.0,3.0,2.0,1.0,0.0,4.0,0.0,2.0,3.0,1.0,2.0
857,4.0,3.0,4.0,2.0,1.0,3.0,0.0,4.0,2.0,1.0,0.0
858,2.0,2.0,2.0,2.0,0.0,2.0,0.0,3.0,3.0,1.0,2.0
859,2.0,2.0,3.0,2.0,0.0,2.0,0.0,2.0,0.0,2.0,2.0
860,3.0,3.0,3.0,2.0,1.0,4.0,1.0,4.0,1.0,1.0,2.0
861,1.0,3.0,2.0,2.0,0.0,4.0,0.0,3.0,2.0,0.0,0.0
862,2.0,1.0,0.0,3.0,2.0,4.0,0.0,4.0,4.0,1.0,0.0
863,3.0,3.0,3.0,2.0,0.0,2.0,3.0,4.0,3.0,3.0,3.0
864,3.0,3.0,2.0,2.0,0.0,,0.0,4.0,4.0,0.0,0.0
865,2.0,2.0,0.0,0.0,4.0,4.0,0.0,4.0,0.0,0.0,0.0
866,4.0,2.0,3.0,2.0,0.0,3.0,0.0,1.0,1.0,2.0,3.0
867,3.0,2.0,2.0,2.0,1.0,4.0,0.0,3.0,2.0,1.0,2.0
868,1.0,1.0,1.0,1.0,0.0,3.0,0.0,1.0,3.0,1.0,1.0
869,1.0,3.0,0.0,3.0,1.0,4.0,1.0,4.0,0.0,1.0,4.0
870,0.0,1.0,0.0,0.0,1.0,4.0,0.0,0.0,4.0,0.0,0.0
871,1.0,2.0,0.0,3.0,0.0,4.0,0.0,4.0,4.0,1.0,2.0
872,4.0,4.0,2.0,3.0,2.0,2.0,0.0,2.0,3.0,1.0,4.0
873,3.0,2.0,2.0,1.0,1.0,3.0,0.0,4.0,3.0,0.0,3.0
874,2.0,2.0,3.0,,0.0,3.0,1.0,2.0,2.0,1.0,3.0
875,2.0,1.0,3.0,3.0,0.0,2.0,0.0,4.0,2.0,0.0,0.0
876,3.0,3.0,2.0,1.0,1.0,3.0,0.0,1.0,,1.0,2.0
877,2.0,3.0,1.0,1.0,0.0,4.0,0.0,3.0,3.0,1.0,0.0
878,3.0,3.0,1.0,1.0,0.0,3.0,0.0,3.0,3.0,1.0,3.0
879,4.0,4.0,3.0,2.0,1.0,3.0,0.0,4.0,,1.0,2.0
880,1.0,2.0,3.0,2.0,1.0,4.0,0.0,4.0,4.0,0.0,2.0
881,3.0,3.0,3.0,3.0,0.0,3.0,0.0,4.0,3.0,1.0,0.0
882,4.0,4.0,3.0,2.0,0.0,0.0,4.0,0.0,4.0,4.0,3.0
883,3.0,2.0,0.0,2.0,0.0,4.0,0.0,4.0,2.0,0.0,0.0
884,1.0,2.0,2.0,2.0,0.0,3.0,0.0,3.0,2.0,1.0,0.0
885,0.0,1.0,2.0,2.0,0.0,3.0,0.0,0.0,2.0,1.0,3.0
886,2.0,2.0,2.0,2.0,0.0,3.0,0.0,3.0,1.0,4.0,
887,3.0,3.0,2.0,3.0,2.0,3.0,0.0,4.0,4.0,1.0,3.0
888,2.0,2.0,2.0,1.0,0.0,4.0,0.0,4.0,1.0,0.0,2.0
889,3.0,4.0,3.0,2.0,0.0,3.0,0.0,4.0,2.0,2.0,2.0
890,3.0,2.0,0.0,2.0,2.0,2.0,0.0,2.0,4.0,1.0,3.0
891,3.0,2.0,2.0,,2.0,3.0,0.0,3.0,2.0,1.0,1.0
892,2.0,2.0,2.0,1.0,0.0,1.0,0.0,2.0,4.0,1.0,3.0
893,3.0,3.0,3.0,1.0,0.0,3.0,0.0,4.0,3.0,3.0,2.0
894,3.0,2.0,2.0,3.0,0.0,3.0,1.0,4.0,0.0,2.0,3.0
895,3.0,3.0,3.0,3.0,0.0,4.0,0.0,4.0,2.0,2.0,2.0
896,1.0,0.0,0.0,0.0,0.0,3.0,0.0,4.0,2.0,,2.0
897,2.0,2.0,1.0,3.0,1.0,4.0,0.0,3.0,3.0,4.0,4.0
898,2.0,2.0,0.0,2.0,0.0,3.0,0.0,4.0,2.0,0.0,2.0
899,2.0,2.0,2.0,3.0,2.0,3.0,1.0,2.0,4.0,3.0,4.0
900,1.0,1.0,1.0,1.0,0.0,4.0,0.0,4.0,1.0,0.0,2.0
901,2.0,1.0,2.0,3.0,0.0,4.0,0.0,3.0,4.0,1.0,3.0
902,2.0,1.0,2.0,2.0,1.0,3.0,0.0,3.0,2.0,0.0,0.0
903,4.0,4.0,2.0,1.0,1.0,4.0,0.0,0.0,2.0,4.0,2.0
904,3.0,3.0,3.0,2.0,0.0,4.0,0.0,4.0,0.0,0.0,3.0
905,3.0,3.0,4.0,2.0,4.0,3.0,2.0,4.0,3.0,2.0,4.0
906,3.0,3.0,1.0,1.0,0.0,4.0,0.0,4.0,4.0,1.0,0.0
907,0.0,2.0,0.0,,0.0,3.0,0.0,2.0,4.0,2.0,2.0
908,2.0,2.0,0.0,3.0,2.0,3.0,0.0,3.0,4.0,2.0,4.0
909,3.0,3.0,4.0,3.0,0.0,2.0,4.0,2.0,2.0,1.0,2.0
910,3.0,2.0,2.0,2.0,1.0,3.0,0.0,3.0,3.0,0.0,2.0
911,4.0,4.0,4.0,3.0,1.0,4.0,0.0,3.0,2.0,2.0,2.0
912,1.0,1.0,1.0,2.0,0.0,3.0,0.0,2.0,0.0,0.0,0.0
913,3.0,3.0,2.0,2.0,0.0,4.0,0.0,4.0,3.0,0.0,2.0
914,3.0,2.0,2.0,1.0,1.0,3.0,0.0,3.0,4.0,2.0,4.0
915,4.0,4.0,3.0,1.0,0.0,3.0,0.0,2.0,,3.0,4.0
916,2.0,,2.0,,0.0,4.0,0.0,4.0,,2.0,2.0
917,3.0,3.0,2.0,3.0,0.0,4.0,0.0,4.0,3.0,3.0,3.0
918,3.0,3.0,2.0,2.0,0.0,3.0,0.0,2.0,4.0,1.0,3.0
919,3.0,3.0,1.0,2.0,0.0,0.0,0.0,4.0,3.0,0.0,3.0
920,3.0,3.0,4.0,3.0,2.0,3.0,0.0,4.0,3.0,1.0,3.0
921,3.0,4.0,0.0,2.0,0.0,2.0,0.0,3.0,3.0,4.0,4.0
922,3.0,2.0,2.0,2.0,1.0,4.0,0.0,3.0,4.0,1.0,3.0
923,3.0,2.0,2.0,2.0,0.0,4.0,0.0,3.0,2.0,0.0,2.0
924,3.0,4.0,4.0,,0.0,4.0,0.0,4.0,4.0,0.0,2.0
925,3.0,3.0,2.0,1.0,2.0,3.0,0.0,3.0,2.0,1.0,2.0
926,2.0,2.0,4.0,2.0,2.0,4.0,0.0,4.0,4.0,1.0,
927,2.0,2.0,2.0,2.0,0.0,2.0,0.0,4.0,2.0,2.0,2.0
928,2.0,2.0,0.0,1.0,0.0,1.0,0.0,3.0,3.0,0.0,
929,3.0,3.0,2.0,3.0,0.0,3.0,0.0,0.0,3.0,1.0,3.0
930,3.0,2.0,2.0,,2.0,3.0,0.0,3.0,,0.0,2.0
931,3.0,2.0,2.0,2.0,0.0,3.0,1.0,2.0,4.0,1.0,2.0
932,4.0,4.0,4.0,4.0,0.0,3.0,0.0,3.0,4.0,3.0,3.0
933,3.0,1.0,1.0,3.0,1.0,3.0,0.0,3.0,2.0,1.0,3.0
934,3.0,3.0,2.0,3.0,2.0,4.0,0.0,4.0,2.0,2.0,1.0
935,,,,,0.0,4.0,0.0,2.0,1.0,,
936,2.0,2.0,2.0,3.0,0.0,3.0,0.0,4.0,2.0,0.0,2.0
937,3.0,3.0,4.0,3.0,0.0,0.0,4.0,0.0,1.0,1.0,2.0
938,3.0,3.0,3.0,4.0,1.0,4.0,0.0,2.0,3.0,4.0,3.0
939,3.0,3.0,2.0,2.0,1.0,4.0,0.0,4.0,2.0,3.0,3.0
940,1.0,1.0,0.0,1.0,0.0,3.0,0.0,4.0,3.0,0.0,0.0
941,3.0,4.0,3.0,1.0,0.0,3.0,1.0,3.0,3.0,3.0,2.0
942,2.0,2.0,2.0,3.0,0.0,4.0,0.0,3.0,2.0,2.0,4.0
943,1.0,1.0,,2.0,0.0,3.0,0.0,4.0,3.0,0.0,2.0
944,4.0,3.0,2.0,2.0,2.0,1.0,0.0,2.0,3.0,3.0,4.0
945,2.0,3.0,2.0,3.0,2.0,2.0,0.0,2.0,2.0,0.0,4.0
946,2.0,2.0,2.0,2.0,0.0,4.0,0.0,2.0,4.0,1.0,0.0
947,1.0,1.0,2.0,2.0,0.0,3.0,0.0,2.0,0.0,1.0,1.0
948,,1.0,,1.0,0.0,4.0,,,3.0,1.0,
949,3.0,3.0,3.0,2.0,0.0,4.0,0.0,3.0,4.0,1.0,0.0
950,3.0,3.0,4.0,3.0,0.0,1.0,2.0,2.0,4.0,3.0,3.0
951,4.0,4.0,2.0,2.0,2.0,3.0,0.0,3.0,4.0,1.0,3.0
952,1.0,3.0,3.0,,0.0,1.0,0.0,0.0,0.0,1.0,3.0
953,3.0,3.0,1.0,3.0,0.0,1.0,0.0,4.0,3.0,3.0,2.0
954,3.0,3.0,1.0,3.0,0.0,4.0,0.0,1.0,2.0,1.0,2.0
955,2.0,2.0,0.0,2.0,2.0,3.0,0.0,4.0,3.0,,2.0
956,,3.0,3.0,3.0,0.0,1.0,0.0,3.0,0.0,3.0,4.0
957,4.0,3.0,4.0,1.0,1.0,4.0,0.0,4.0,4.0,3.0,3.0
958,2.0,2.0,2.0,2.0,2.0,3.0,0.0,3.0,3.0,0.0,2.0
959,2.0,3.0,3.0,3.0,1.0,3.0,0.0,3.0,2.0,2.0,4.0
960,2.0,2.0,2.0,2.0,2.0,4.0,0.0,1.0,2.0,1.0,1.0
961,3.0,3.0,3.0,2.0,2.0,4.0,0.0,4.0,3.0,2.0,0.0
962,3.0,4.0,3.0,4.0,0.0,4.0,0.0,2.0,3.0,3.0,3.0
963,1.0,3.0,1.0,2.0,1.0,2.0,0.0,2.0,1.0,1.0,3.0
964,1.0,3.0,3.0,3.0,0.0,3.0,0.0,3.0,2.0,1.0,3.0
965,2.0,2.0,1.0,1.0,0.0,1.0,1.0,1.0,3.0,0.0,4.0
966,3.0,3.0,4.0,2.0,2.0,4.0,0.0,4.0,4.0,1.0,2.0
967,3.0,2.0,1.0,1.0,0.0,2.0,0.0,4.0,3.0,1.0,2.0
968,3.0,3.0,4.0,3.0,0.0,3.0,0.0,1.0,2.0,4.0,2.0
969,3.0,3.0,4.0,1.0,0.0,0.0,4.0,2.0,1.0,1.0,2.0
970,2.0,2.0,2.0,2.0,1.0,3.0,0.0,4.0,3.0,1.0,2.0
971,4.0,3.0,3.0,2.0,2.0,4.0,0.0,4.0,3.0,2.0,2.0
972,3.0,2.0,2.0,2.0,0.0,4.0,0.0,4.0,3.0,2.0,3.0
973,4.0,4.0,3.0,2.0,0.0,1.0,0.0,2.0,1.0,0.0,2.0
974,3.0,2.0,2.0,3.0,2.0,3.0,0.0,3.0,3.0,3.0,2.0
975,1.0,3.0,2.0,2.0,2.0,1.0,0.0,3.0,0.0,2.0,2.0
976,2.0,0.0,1.0,2.0,0.0,1.0,0.0,,2.0,1.0,0.0
977,3.0,4.0,4.0,4.0,1.0,4.0,1.0,3.0,3.0,4.0,3.0
978,3.0,3.0,3.0,3.0,2.0,0.0,4.0,0.0,0.0,2.0,3.0
979,2.0,2.0,2.0,3.0,0.0,3.0,0.0,0.0,2.0,3.0,4.0
980,3.0,2.0,3.0,3.0,0.0,4.0,0.0,4.0,,2.0,2.0
981,1.0,1.0,3.0,2.0,2.0,3.0,1.0,2.0,2.0,1.0,1.0
982,2.0,2.0,4.0,1.0,0.0,0.0,4.0,4.0,3.0,1.0,0.0
983,3.0,3.0,2.0,3.0,0.0,2.0,0.0,3.0,,1.0,2.0
984,2.0,1.0,2.0,1.0,1.0,3.0,0.0,3.0,3.0,1.0,2.0
985,2.0,1.0,1.0,2.0,0.0,1.0,0.0,3.0,1.0,1.0,3.0
986,3.0,3.0,3.0,3.0,0.0,3.0,0.0,3.0,3.0,1.0,3.0
987,2.0,3.0,2.0,3.0,0.0,2.0,0.0,4.0,1.0,2.0,4.0
988,4.0,4.0,3.0,2.0,1.0,4.0,0.0,4.0,3.0,2.0,2.0
989,2.0,2.0,1.0,2.0,2.0,2.0,0.0,4.0,1.0,1.0,3.0
990,1.0,1.0,0.0,2.0,0.0,2.0,0.0,0.0,0.0,1.0,3.0
991,2.0,2.0,2.0,2.0,0.0,4.0,0.0,4.0,3.0,0.0,2.0
992,1.0,1.0,3.0,0.0,0.0,1.0,0.0,4.0,1.0,0.0,2.0
993,1.0,2.0,2.0,3.0,2.0,2.0,0.0,4.0,1.0,1.0,3.0
994,1.0,1.0,4.0,0.0,0.0,2.0,0.0,4.0,1.0,0.0,0.0
995,3.0,3.0,4.0,2.0,1.0,1.0,0.0,2.0,2.0,4.0,3.0
996,2.0,2.0,0.0,3.0,1.0,1.0,0.0,1.0,2.0,1.0,4.0
997,3.0,3.0,3.0,2.0,2.0,1.0,0.0,2.0,2.0,0.0,1.0
998,2.0,1.0,3.0,2.0,0.0,4.0,0.0,3.0,2.0,0.0,0.0
999,3.0,4.0,3.0,3.0,1.0,3.0,0.0,3.0,3.0,,4.0
1000,4.0,3.0,4.0,3.0,1.0,4.0,0.0,2.0,3.0,3.0,2.0
1001,3.0,3.0,3.0,2.0,0.0,0.0,0.0,3.0,0.0,3.0,2.0
1002,3.0,3.0,0.0,1.0,0.0,3.0,0.0,4.0,3.0,1.0,2.0
1003,3.0,2.0,2.0,3.0,0.0,2.0,0.0,3.0,4.0,1.0,2.0
1004,2.0,2.0,2.0,3.0,0.0,2.0,1.0,2.0,0.0,0.0,3.0
1005,0.0,3.0,0.0,0.0,0.0,4.0,0.0,4.0,4.0,0.0,2.0
1006,2.0,2.0,3.0,1.0,1.0,3.0,1.0,1.0,2.0,1.0,3.0
1007,1.0,2.0,2.0,2.0,0.0,4.0,2.0,1.0,0.0,0.0,0.0
1008,3.0,3.0,1.0,2.0,0.0,3.0,0.0,3.0,2.0,1.0,3.0
1009,3.0,3.0,2.0,,1.0,0.0,0.0,4.0,3.0,0.0,2.0
1010,0.0,3.0,4.0,3.0,2.0,,3.0,2.0,2.0,2.0,3.0
1011,2.0,1.0,0.0,2.0,0.0,1.0,0.0,4.0,4.0,0.0,0.0
1012,0.0,0.0,0.0,2.0,0.0,3.0,0.0,2.0,0.0,0.0,1.0
1013,2.0,2.0,0.0,3.0,1.0,2.0,0.0,2.0,2.0,1.0,3.0
1014,4.0,4.0,0.0,3.0,2.0,4.0,0.0,4.0,3.0,3.0,3.0
1015,3.0,3.0,1.0,1.0,0.0,4.0,0.0,4.0,3.0,1.0,4.0
1016,2.0,3.0,3.0,3.0,0.0,4.0,0.0,4.0,4.0,1.0,2.0
1017,3.0,3.0,3.0,3.0,2.0,3.0,0.0,3.0,4.0,1.0,2.0
1018,3.0,3.0,3.0,1.0,2.0,4.0,0.0,4.0,2.0,1.0,2.0
1019,3.0,2.0,2.0,3.0,0.0,3.0,0.0,3.0,3.0,2.0,2.0
1020,3.0,4.0,4.0,4.0,1.0,1.0,0.0,2.0,3.0,0.0,3.0
1021,3.0,3.0,4.0,4.0,1.0,0.0,3.0,2.0,3.0,2.0,3.0
1022,3.0,1.0,1.0,1.0,0.0,1.0,0.0,0.0,1.0,1.0,4.0
1023,3.0,3.0,4.0,3.0,0.0,0.0,2.0,0.0,2.0,0.0,0.0
1024,2.0,3.0,3.0,2.0,1.0,4.0,0.0,4.0,2.0,2.0,4.0
1025,1.0,1.0,1.0,1.0,1.0,1.0,1.0,1.0,1.0,1.0,1.0
1026,4.0,3.0,2.0,2.0,0.0,4.0,0.0,3.0,1.0,1.0,2.0
1027,4.0,3.0,3.0,3.0,0.0,4.0,0.0,3.0,1.0,2.0,0.0
1028,3.0,4.0,4.0,4.0,0.0,0.0,3.0,3.0,4.0,1.0,2.0
1029,4.0,2.0,0.0,2.0,0.0,4.0,0.0,2.0,1.0,0.0,0.0
1030,3.0,2.0,0.0,2.0,1.0,4.0,0.0,2.0,3.0,2.0,1.0
1031,3.0,3.0,3.0,4.0,0.0,1.0,3.0,0.0,3.0,0.0,2.0
1032,0.0,2.0,3.0,4.0,0.0,0.0,4.0,3.0,2.0,,3.0
1033,2.0,2.0,2.0,2.0,0.0,3.0,0.0,4.0,2.0,2.0,2.0
1034,1.0,1.0,0.0,0.0,0.0,1.0,0.0,1.0,4.0,1.0,1.0
1035,2.0,2.0,2.0,2.0,0.0,1.0,0.0,0.0,1.0,0.0,0.0
1036,3.0,3.0,3.0,2.0,0.0,3.0,0.0,4.0,3.0,0.0,2.0
1037,2.0,3.0,3.0,2.0,2.0,3.0,0.0,4.0,3.0,1.0,3.0
1038,3.0,2.0,3.0,3.0,0.0,3.0,0.0,3.0,4.0,0.0,1.0
1039,4.0,3.0,3.0,3.0,0.0,3.0,0.0,2.0,3.0,3.0,3.0
1040,3.0,3.0,0.0,0.0,2.0,4.0,0.0,3.0,4.0,0.0,3.0
1041,4.0,4.0,4.0,4.0,0.0,1.0,2.0,1.0,3.0,4.0,4.0
1042,3.0,3.0,2.0,2.0,1.0,3.0,0.0,4.0,4.0,2.0,2.0
1043,3.0,1.0,2.0,2.0,1.0,3.0,4.0,2.0,3.0,1.0,2.0
1044,3.0,2.0,3.0,2.0,2.0,3.0,0.0,3.0,3.0,1.0,3.0
1045,3.0,3.0,2.0,3.0,2.0,3.0,0.0,4.0,3.0,1.0,3.0
1046,3.0,3.0,4.0,2.0,1.0,4.0,0.0,2.0,2.0,0.0,0.0
1047,3.0,1.0,2.0,2.0,0.0,4.0,0.0,0.0,2.0,0.0,0.0
1048,3.0,3.0,4.0,0.0,0.0,3.0,0.0,2.0,4.0,0.0,0.0
1049,3.0,3.0,3.0,2.0,0.0,3.0,0.0,3.0,3.0,1.0,2.0
1050,3.0,3.0,1.0,3.0,1.0,4.0,0.0,3.0,2.0,2.0,2.0
1051,2.0,2.0,3.0,2.0,0.0,2.0,0.0,4.0,2.0,1.0,4.0
1052,3.0,4.0,4.0,3.0,2.0,0.0,4.0,4.0,3.0,0.0,2.0
1053,3.0,3.0,2.0,2.0,0.0,4.0,0.0,2.0,2.0,0.0,2.0
1054,1.0,1.0,0.0,2.0,0.0,3.0,0.0,2.0,0.0,0.0,0.0
1055,4.0,4.0,3.0,4.0,0.0,1.0,4.0,3.0,2.0,1.0,3.0
1056,1.0,3.0,2.0,2.0,0.0,1.0,0.0,1.0,4.0,3.0,3.0
1057,4.0,4.0,2.0,2.0,0.0,4.0,0.0,3.0,4.0,0.0,3.0
1058,2.0,3.0,4.0,4.0,0.0,4.0,0.0,2.0,2.0,2.0,2.0
1059,2.0,3.0,0.0,2.0,2.0,,0.0,2.0,1.0,0.0,2.0
1060,4.0,4.0,3.0,3.0,2.0,0.0,3.0,2.0,0.0,1.0,3.0
1061,3.0,3.0,3.0,3.0,0.0,2.0,0.0,4.0,,1.0,2.0
1062,1.0,1.0,4.0,1.0,0.0,4.0,0.0,2.0,4.0,0.0,0.0
1063,3.0,3.0,3.0,2.0,0.0,3.0,0.0,3.0,3.0,3.0,2.0
1064,3.0,3.0,3.0,,1.0,4.0,0.0,4.0,3.0,1.0,2.0
1065,3.0,2.0,2.0,2.0,0.0,3.0,0.0,3.0,4.0,0.0,2.0
1066,2.0,2.0,4.0,3.0,0.0,3.0,3.0,1.0,3.0,1.0,2.0
1067,3.0,3.0,2.0,,1.0,4.0,0.0,2.0,2.0,0.0,0.0
1068,3.0,3.0,0.0,3.0,1.0,4.0,0.0,3.0,4.0,3.0,3.0
1069,3.0,3.0,2.0,3.0,0.0,1.0,0.0,4.0,4.0,0.0,3.0
1070,2.0,3.0,4.0,3.0,0.0,3.0,0.0,4.0,3.0,3.0,2.0
1071,3.0,2.0,2.0,2.0,0.0,3.0,0.0,4.0,3.0,2.0,2.0
1072,1.0,2.0,0.0,2.0,0.0,4.0,0.0,3.0,2.0,1.0,2.0
1073,3.0,3.0,3.0,2.0,2.0,3.0,0.0,4.0,3.0,0.0,2.0
1074,,,,,,,,,,,
1075,2.0,2.0,4.0,3.0,0.0,4.0,0.0,3.0,2.0,0.0,2.0
1076,3.0,3.0,2.0,1.0,1.0,4.0,0.0,3.0,,1.0,0.0
1077,1.0,1.0,1.0,2.0,0.0,0.0,0.0,3.0,2.0,0.0,2.0
1078,3.0,3.0,0.0,2.0,1.0,4.0,0.0,4.0,3.0,1.0,4.0
1079,2.0,3.0,2.0,2.0,0.0,4.0,0.0,2.0,2.0,3.0,2.0
1080,4.0,4.0,3.0,2.0,1.0,4.0,0.0,4.0,4.0,0.0,
1081,3.0,3.0,3.0,3.0,1.0,3.0,0.0,2.0,4.0,1.0,1.0
1082,3.0,3.0,4.0,2.0,0.0,4.0,0.0,2.0,4.0,1.0,0.0
1083,0.0,0.0,0.0,0.0,2.0,4.0,0.0,0.0,0.0,0.0,0.0
1084,1.0,3.0,2.0,2.0,0.0,4.0,0.0,4.0,2.0,2.0,2.0
1085,3.0,3.0,3.0,3.0,2.0,2.0,1.0,4.0,3.0,2.0,3.0
1086,3.0,3.0,0.0,2.0,0.0,2.0,0.0,3.0,2.0,0.0,2.0
1087,1.0,2.0,1.0,0.0,0.0,2.0,0.0,4.0,1.0,1.0,3.0
1088,3.0,3.0,3.0,2.0,0.0,4.0,0.0,2.0,,3.0,2.0
1089,3.0,3.0,3.0,2.0,0.0,2.0,0.0,4.0,2.0,0.0,2.0
1090,3.0,2.0,3.0,2.0,0.0,4.0,0.0,3.0,4.0,1.0,2.0
1091,,2.0,3.0,3.0,0.0,3.0,0.0,3.0,4.0,0.0,0.0
1092,2.0,2.0,0.0,2.0,0.0,0.0,0.0,4.0,3.0,0.0,2.0
1093,2.0,3.0,3.0,3.0,0.0,3.0,0.0,4.0,1.0,4.0,4.0
1094,2.0,2.0,3.0,1.0,0.0,2.0,0.0,3.0,4.0,1.0,1.0
1095,3.0,3.0,2.0,2.0,0.0,1.0,0.0,4.0,2.0,0.0,0.0
1096,2.0,3.0,0.0,1.0,1.0,4.0,0.0,4.0,2.0,0.0,3.0
1097,3.0,4.0,4.0,3.0,0.0,4.0,0.0,2.0,4.0,1.0,2.0
1098,3.0,3.0,2.0,3.0,0.0,3.0,0.0,2.0,3.0,2.0,3.0
1099,3.0,4.0,3.0,3.0,0.0,4.0,0.0,3.0,3.0,3.0,3.0
1100,0.0,0.0,0.0,1.0,0.0,3.0,0.0,0.0,0.0,0.0,0.0
1101,3.0,3.0,4.0,3.0,1.0,,0.0,2.0,3.0,2.0,3.0
1102,1.0,2.0,4.0,3.0,0.0,3.0,0.0,4.0,2.0,1.0,2.0
1103,3.0,3.0,1.0,1.0,0.0,0.0,2.0,3.0,2.0,0.0,2.0
1104,4.0,4.0,3.0,2.0,2.0,4.0,0.0,4.0,3.0,2.0,2.0
1105,2.0,3.0,0.0,0.0,0.0,4.0,0.0,4.0,3.0,0.0,2.0
1106,2.0,2.0,2.0,2.0,0.0,2.0,0.0,3.0,3.0,3.0,4.0
1107,0.0,0.0,0.0,2.0,1.0,1.0,0.0,3.0,2.0,0.0,4.0
1108,2.0,2.0,3.0,3.0,2.0,3.0,0.0,3.0,4.0,1.0,2.0
1109,2.0,1.0,0.0,0.0,0.0,3.0,0.0,4.0,3.0,0.0,1.0
1110,3.0,3.0,4.0,3.0,2.0,0.0,3.0,2.0,3.0,1.0,2.0
1111,2.0,2.0,0.0,3.0,2.0,3.0,0.0,4.0,3.0,0.0,2.0
1112,3.0,3.0,3.0,2.0,0.0,4.0,0.0,4.0,3.0,1.0,3.0
1113,3.0,3.0,4.0,2.0,2.0,3.0,0.0,4.0,4.0,1.0,2.0
1114,3.0,3.0,4.0,3.0,2.0,3.0,0.0,3.0,3.0,1.0,2.0
1115,3.0,3.0,0.0,,0.0,3.0,0.0,4.0,0.0,1.0,4.0
1116,0.0,1.0,4.0,2.0,1.0,4.0,0.0,4.0,4.0,4.0,4.0
1117,2.0,0.0,1.0,2.0,0.0,3.0,0.0,4.0,3.0,0.0,1.0
1118,3.0,3.0,4.0,3.0,0.0,4.0,0.0,3.0,2.0,1.0,2.0
1119,2.0,3.0,0.0,1.0,0.0,4.0,0.0,4.0,3.0,0.0,0.0
1120,3.0,2.0,3.0,3.0,0.0,4.0,0.0,4.0,3.0,1.0,2.0
1121,3.0,3.0,1.0,2.0,2.0,3.0,0.0,3.0,4.0,2.0,2.0
1122,0.0,0.0,0.0,0.0,2.0,3.0,0.0,2.0,0.0,0.0,3.0
1123,2.0,2.0,3.0,3.0,2.0,4.0,0.0,4.0,4.0,1.0,3.0
1124,3.0,3.0,2.0,3.0,0.0,4.0,0.0,4.0,2.0,0.0,0.0
1125,4.0,4.0,4.0,2.0,0.0,3.0,0.0,3.0,0.0,0.0,0.0
1126,3.0,3.0,3.0,3.0,0.0,4.0,0.0,,3.0,2.0,3.0
1127,3.0,3.0,2.0,0.0,0.0,4.0,0.0,3.0,2.0,0.0,0.0
1128,4.0,4.0,4.0,3.0,0.0,3.0,0.0,3.0,4.0,1.0,1.0
1129,3.0,3.0,2.0,2.0,2.0,2.0,0.0,4.0,3.0,1.0,2.0
1130,4.0,4.0,3.0,3.0,1.0,3.0,1.0,3.0,4.0,1.0,2.0
1131,3.0,2.0,1.0,1.0,2.0,4.0,0.0,4.0,3.0,1.0,1.0
1132,3.0,3.0,3.0,3.0,0.0,2.0,0.0,4.0,4.0,0.0,2.0
1133,3.0,4.0,0.0,2.0,0.0,4.0,0.0,0.0,4.0,2.0,0.0
1134,1.0,2.0,2.0,3.0,0.0,3.0,0.0,2.0,2.0,0.0,2.0
1135,1.0,2.0,4.0,2.0,0.0,4.0,0.0,2.0,3.0,1.0,0.0
1136,2.0,3.0,0.0,2.0,0.0,2.0,0.0,3.0,2.0,0.0,0.0
1137,2.0,3.0,4.0,2.0,1.0,4.0,0.0,3.0,4.0,1.0,0.0
1138,4.0,4.0,3.0,2.0,0.0,4.0,0.0,3.0,3.0,2.0,2.0
1139,2.0,2.0,3.0,2.0,1.0,3.0,,4.0,3.0,2.0,2.0
1140,3.0,3.0,3.0,2.0,0.0,1.0,0.0,4.0,2.0,1.0,0.0
1141,2.0,3.0,3.0,3.0,0.0,3.0,0.0,4.0,2.0,1.0,2.0
1142,3.0,3.0,3.0,2.0,0.0,3.0,1.0,4.0,3.0,1.0,2.0
1143,2.0,3.0,2.0,2.0,0.0,4.0,0.0,4.0,4.0,0.0,2.0
1144,2.0,3.0,3.0,,0.0,0.0,4.0,3.0,2.0,0.0,3.0
1145,4.0,4.0,3.0,2.0,0.0,3.0,0.0,4.0,3.0,1.0,3.0
1146,2.0,2.0,1.0,3.0,1.0,0.0,1.0,0.0,3.0,2.0,4.0
1147,3.0,3.0,4.0,2.0,0.0,3.0,0.0,4.0,3.0,3.0,3.0
1148,3.0,3.0,2.0,3.0,0.0,4.0,0.0,3.0,4.0,4.0,2.0
1149,4.0,3.0,2.0,2.0,1.0,2.0,0.0,4.0,2.0,0.0,2.0
1150,3.0,3.0,2.0,3.0,0.0,1.0,0.0,4.0,3.0,0.0,0.0
1151,3.0,3.0,2.0,3.0,0.0,3.0,0.0,4.0,4.0,1.0,4.0
1152,3.0,3.0,3.0,3.0,2.0,2.0,4.0,0.0,2.0,3.0,2.0
1153,3.0,2.0,2.0,2.0,0.0,4.0,0.0,3.0,3.0,1.0,1.0
1154,3.0,2.0,4.0,2.0,1.0,3.0,0.0,3.0,4.0,0.0,0.0
1155,0.0,2.0,3.0,3.0,0.0,4.0,0.0,0.0,4.0,3.0,0.0
1156,3.0,4.0,3.0,1.0,2.0,4.0,2.0,4.0,2.0,1.0,4.0
1157,0.0,0.0,0.0,0.0,0.0,0.0,0.0,2.0,0.0,0.0,0.0
1158,1.0,1.0,2.0,3.0,0.0,3.0,0.0,2.0,2.0,1.0,3.0
1159,0.0,0.0,0.0,0.0,0.0,2.0,0.0,0.0,0.0,0.0,0.0
1160,0.0,2.0,0.0,2.0,2.0,2.0,0.0,3.0,3.0,0.0,3.0
1161,2.0,2.0,3.0,3.0,0.0,4.0,0.0,4.0,3.0,1.0,3.0
1162,4.0,1.0,2.0,2.0,0.0,4.0,0.0,3.0,4.0,1.0,4.0
1163,0.0,2.0,0.0,1.0,1.0,4.0,0.0,2.0,4.0,2.0,3.0
1164,3.0,3.0,0.0,3.0,1.0,4.0,0.0,4.0,4.0,1.0,0.0
1165,2.0,2.0,2.0,3.0,2.0,4.0,0.0,4.0,4.0,1.0,2.0
1166,3.0,2.0,1.0,2.0,0.0,1.0,0.0,3.0,2.0,0.0,2.0
1167,2.0,3.0,2.0,3.0,2.0,2.0,0.0,0.0,0.0,2.0,3.0
1168,4.0,2.0,3.0,3.0,0.0,0.0,0.0,1.0,1.0,1.0,2.0
1169,1.0,0.0,2.0,2.0,0.0,4.0,0.0,0.0,3.0,1.0,2.0
1170,0.0,3.0,3.0,3.0,0.0,4.0,3.0,3.0,2.0,1.0,0.0
1171,2.0,3.0,0.0,2.0,0.0,,0.0,,4.0,0.0,3.0
1172,2.0,2.0,0.0,2.0,2.0,2.0,0.0,3.0,1.0,2.0,2.0
1173,3.0,4.0,3.0,3.0,0.0,4.0,0.0,0.0,0.0,0.0,0.0
1174,3.0,3.0,4.0,2.0,0.0,0.0,0.0,2.0,1.0,1.0,2.0
1175,4.0,4.0,3.0,3.0,1.0,1.0,1.0,2.0,2.0,1.0,2.0
1176,1.0,3.0,4.0,,0.0,4.0,0.0,4.0,4.0,1.0,2.0
1177,3.0,3.0,2.0,3.0,2.0,2.0,0.0,,4.0,2.0,3.0
1178,2.0,3.0,0.0,3.0,1.0,3.0,0.0,3.0,2.0,0.0,2.0
1179,1.0,2.0,2.0,2.0,0.0,1.0,0.0,3.0,3.0,1.0,2.0
1180,0.0,0.0,,2.0,1.0,2.0,0.0,3.0,,,1.0
1181,2.0,2.0,2.0,2.0,1.0,3.0,0.0,4.0,4.0,2.0,2.0
1182,2.0,2.0,0.0,0.0,1.0,2.0,0.0,0.0,0.0,0.0,3.0
1183,4.0,4.0,3.0,3.0,0.0,2.0,0.0,0.0,2.0,1.0,3.0
1184,3.0,3.0,4.0,3.0,3.0,3.0,3.0,0.0,3.0,0.0,
1185,3.0,3.0,2.0,2.0,1.0,4.0,0.0,4.0,4.0,3.0,2.0
1186,4.0,3.0,0.0,3.0,2.0,4.0,0.0,3.0,3.0,1.0,3.0
1187,1.0,1.0,0.0,0.0,3.0,3.0,0.0,4.0,4.0,0.0,2.0
1188,2.0,2.0,2.0,0.0,0.0,3.0,0.0,0.0,2.0,0.0,2.0
